id,TrialOrder,Condition,Object,CorrectSide,Pointing_Right,Correct_Pointing,PropLook_Correct,PropLook_Right,Correct_Looking,sex,ageM,vcbAll,noun,verb
sm001,1,Match,cup,right,1,1,1,1,1,m,23,266,149,15
sm001,2,Match,shoe,left,0,1,0.833333333,0.166666667,1,m,23,266,149,15
sm001,3,ObjAbs,cup,right,1,1,0.416666667,0.416666667,0,m,23,266,149,15
sm001,4,ObjDiff,cup,right,0,0,0.116666667,0.116666667,0,m,23,266,149,15
sm001,5,Mis,cup,left,0,1,0.7,0.3,1,m,23,266,149,15
sm001,6,ObjAbs,shoe,left,0,1,0.933333333,0.066666667,1,m,23,266,149,15
sm001,7,Mis,shoe,right,0,0,0.533333333,0.533333333,1,m,23,266,149,15
sm001,8,ObjDiff,shoe,left,0,1,0.716666667,0.283333333,1,m,23,266,149,15
sm001,9,Match,cup,left,0,1,1,0,1,m,23,266,149,15
sm001,10,Match,shoe,right,1,1,0.983333333,0.983333333,1,m,23,266,149,15
sm001,11,ObjAbs,cup,left,0,1,0.916666667,0.083333333,1,m,23,266,149,15
sm001,12,ObjDiff,cup,left,0,1,0.833333333,0.166666667,1,m,23,266,149,15
sm001,13,Mis,cup,right,1,1,1,1,1,m,23,266,149,15
sm001,14,ObjAbs,shoe,right,0,0,0.133333333,0.133333333,0,m,23,266,149,15
sm001,15,Mis,shoe,left,0,1,0.983333333,0.016666667,1,m,23,266,149,15
sm001,16,ObjDiff,shoe,right,1,1,1,1,1,m,23,266,149,15
ai003,1,Match,cup,right,1,1,1,1,1,f,23,135,54,2
ai003,2,Match,shoe,left,0,1,0.866666667,0.133333333,1,f,23,135,54,2
ai003,3,Mis,cup,left,0,1,0.833333333,0.166666667,1,f,23,135,54,2
ai003,4,ObjDiff,cup,right,1,1,1,1,1,f,23,135,54,2
ai003,5,Mis,shoe,right,1,1,0.8,0.8,1,f,23,135,54,2
ai003,6,ObjAbs,cup,right,0,0,0.166666667,0.166666667,0,f,23,135,54,2
ai003,7,ObjDiff,shoe,left,1,0,0.333333333,0.666666667,0,f,23,135,54,2
ai003,8,ObjAbs,shoe,left,1,0,0,1,0,f,23,135,54,2
ai003,9,Match,cup,left,0,1,0.716666667,0.283333333,1,f,23,135,54,2
ai003,10,Match,shoe,right,1,1,1,1,1,f,23,135,54,2
ai003,11,Mis,cup,right,1,1,0.7,0.7,1,f,23,135,54,2
ai003,12,ObjDiff,cup,left,0,1,1,0,1,f,23,135,54,2
ai003,13,Mis,shoe,left,0,1,0.666666667,0.333333333,1,f,23,135,54,2
ai003,14,ObjAbs,cup,left,0,1,1,0,1,f,23,135,54,2
ai003,15,ObjDiff,shoe,right,1,1,0.633333333,0.633333333,1,f,23,135,54,2
ai003,16,ObjAbs,shoe,right,0,0,0,0,0,f,23,135,54,2
mn001,1,Match,cup,right,0,0,0,0,0,m,21,80,23,2
mn001,2,Match,shoe,right,1,1,0.6,0.6,1,m,21,80,23,2
mn001,3,ObjAbs,shoe,left,0,1,0.916666667,0.083333333,1,m,21,80,23,2
mn001,4,ObjDiff,cup,left,0,1,0.833333333,0.166666667,1,m,21,80,23,2
mn001,5,Mis,cup,right,0,0,0,0,0,m,21,80,23,2
mn001,6,ObjDiff,shoe,left,0,1,1,0,1,m,21,80,23,2
mn001,7,ObjAbs,cup,right,0,0,0,0,0,m,21,80,23,2
mn001,8,Mis,shoe,left,0,1,0.866666667,0.133333333,1,m,21,80,23,2
mn001,9,Match,cup,left,0,1,0.716666667,0.283333333,1,m,21,80,23,2
mn001,10,Match,shoe,left,0,1,1,0,1,m,21,80,23,2
mn001,11,ObjAbs,shoe,right,0,0,0,0,0,m,21,80,23,2
mn001,12,ObjDiff,cup,right,0,0,0,0,0,m,21,80,23,2
mn001,13,Mis,cup,left,1,0,0.3,0.7,0,m,21,80,23,2
mn001,14,ObjDiff,shoe,right,0,0,0,0,0,m,21,80,23,2
mn001,15,ObjAbs,cup,left,0,1,1,0,1,m,21,80,23,2
mn001,16,Mis,shoe,right,1,1,0.666666667,0.666666667,1,m,21,80,23,2
mn002,1,Match,cup,right,1,1,0.483333333,0.483333333,0,m,21,4,0,0
mn002,2,Match,shoe,left,0,1,1,0,1,m,21,4,0,0
mn002,3,ObjAbs,shoe,left,0,1,0.733333333,0.266666667,1,m,21,4,0,0
mn002,4,Mis,cup,right,1,1,0.95,0.95,1,m,21,4,0,0
mn002,5,ObjDiff,shoe,left,0,1,1,0,1,m,21,4,0,0
mn002,6,ObjAbs,cup,right,1,1,0.416666667,0.416666667,0,m,21,4,0,0
mn002,7,Mis,shoe,left,1,0,0.416666667,0.583333333,0,m,21,4,0,0
mn002,8,ObjDiff,cup,right,1,1,0.783333333,0.783333333,1,m,21,4,0,0
mn002,9,Match,cup,left,1,0,0.166666667,0.833333333,0,m,21,4,0,0
mn002,10,Match,shoe,right,1,1,0.95,0.95,1,m,21,4,0,0
mn002,11,ObjAbs,shoe,right,1,1,0.75,0.75,1,m,21,4,0,0
mn002,12,Mis,cup,left,1,0,0.466666667,0.533333333,0,m,21,4,0,0
mn002,13,ObjDiff,shoe,right,1,1,0.916666667,0.916666667,1,m,21,4,0,0
mn002,14,ObjAbs,cup,left,1,0,0.016666667,0.983333333,0,m,21,4,0,0
mn002,15,Mis,shoe,right,1,1,0.95,0.95,1,m,21,4,0,0
mn002,16,ObjDiff,cup,left,1,0,0.016666667,0.983333333,0,m,21,4,0,0
ki001,1,Match,shoe,right,1,1,0.483333333,0.483333333,0,m,23,86,35,1
ki001,2,Match,cup,right,0,0,0.483333333,0.483333333,0,m,23,86,35,1
ki001,3,ObjAbs,shoe,right,0,0,0,0,0,m,23,86,35,1
ki001,4,ObjDiff,cup,left,1,0,0.7,0.3,1,m,23,86,35,1
ki001,5,Mis,cup,left,0,1,1,0,1,m,23,86,35,1
ki001,6,ObjAbs,cup,right,1,1,0.4,0.4,0,m,23,86,35,1
ki001,7,Mis,shoe,left,0,1,1,0,1,m,23,86,35,1
ki001,8,ObjDiff,shoe,left,0,1,0.796296296,0.203703704,1,m,23,86,35,1
ki001,9,Match,shoe,left,0,1,1,0,1,m,23,86,35,1
ki001,10,Match,cup,left,0,1,1,0,1,m,23,86,35,1
ki001,11,ObjAbs,shoe,left,0,1,1,0,1,m,23,86,35,1
ki001,12,ObjDiff,cup,right,0,0,0.083333333,0.083333333,0,m,23,86,35,1
ki001,13,Mis,cup,right,0,0,0.016666667,0.016666667,0,m,23,86,35,1
ki001,14,ObjAbs,cup,left,0,1,1,0,1,m,23,86,35,1
ki001,15,Mis,shoe,right,1,1,1,1,1,m,23,86,35,1
ki001,16,ObjDiff,shoe,right,NA,NA,1,1,1,m,23,86,35,1
ki003,1,Match,cup,right,1,1,0.683333333,0.683333333,1,f,19,9,1,1
ki003,2,Match,shoe,right,1,1,1,1,1,f,19,9,1,1
ki003,3,Mis,cup,right,0,0,0.183333333,0.183333333,0,f,19,9,1,1
ki003,4,Mis,shoe,right,0,0,0.25,0.25,0,f,19,9,1,1
ki003,5,ObjDiff,shoe,left,0,1,0.783333333,0.216666667,1,f,19,9,1,1
ki003,6,ObjDiff,cup,left,1,0,0.3,0.7,0,f,19,9,1,1
ki003,7,ObjAbs,cup,left,1,0,0,1,0,f,19,9,1,1
ki003,8,ObjAbs,shoe,left,0,1,1,0,1,f,19,9,1,1
ki003,9,Match,cup,left,0,1,1,0,1,f,19,9,1,1
ki003,10,Match,shoe,left,0,1,1,0,1,f,19,9,1,1
ki003,11,Mis,cup,left,1,0,0.483333333,0.516666667,0,f,19,9,1,1
ki003,12,Mis,shoe,left,0,1,0.928571429,0.071428571,1,f,19,9,1,1
ki003,13,ObjDiff,shoe,right,1,1,1,1,1,f,19,9,1,1
ki003,14,ObjDiff,cup,right,1,1,0.45,0.45,0,f,19,9,1,1
ki003,15,ObjAbs,cup,right,1,1,0.6,0.6,1,f,19,9,1,1
ki003,16,ObjAbs,shoe,right,1,1,0.983333333,0.983333333,1,f,19,9,1,1
kd004,1,Match,cup,right,1,1,1,1,1,f,23,398,181,59
kd004,2,Match,shoe,left,0,1,1,0,1,f,23,398,181,59
kd004,3,Mis,shoe,right,1,1,1,1,1,f,23,398,181,59
kd004,4,ObjAbs,cup,left,1,0,0,1,0,f,23,398,181,59
kd004,5,ObjAbs,shoe,left,0,1,0.933333333,0.066666667,1,f,23,398,181,59
kd004,6,Mis,cup,left,0,1,1,0,1,f,23,398,181,59
kd004,7,ObjDiff,shoe,right,1,1,1,1,1,f,23,398,181,59
kd004,8,ObjDiff,cup,right,1,1,0.05,0.05,0,f,23,398,181,59
kd004,9,Match,cup,left,0,1,0.933333333,0.066666667,1,f,23,398,181,59
kd004,10,Match,shoe,right,1,1,1,1,1,f,23,398,181,59
kd004,11,Mis,shoe,left,0,1,0,1,0,f,23,398,181,59
kd004,12,ObjAbs,cup,right,0,0,0.916666667,0.916666667,1,f,23,398,181,59
kd004,13,ObjAbs,shoe,right,0,0,0,0,0,f,23,398,181,59
kd004,14,Mis,cup,right,1,1,1,1,1,f,23,398,181,59
kd004,15,ObjDiff,shoe,left,1,0,0.416666667,0.583333333,0,f,23,398,181,59
kd004,16,ObjDiff,cup,left,1,0,0.283333333,0.716666667,0,f,23,398,181,59
kd005,1,Match,cup,left,0,1,0.65,0.35,1,m,23,351,170,21
kd005,2,Match,shoe,left,0,1,0.65,0.35,1,m,23,351,170,21
kd005,3,Mis,shoe,left,0,1,0.116666667,0.883333333,0,m,23,351,170,21
kd005,4,ObjDiff,cup,right,1,1,0.666666667,0.666666667,1,m,23,351,170,21
kd005,5,ObjAbs,cup,right,1,1,1,1,1,m,23,351,170,21
kd005,6,Mis,cup,right,1,1,1,1,1,m,23,351,170,21
kd005,7,ObjDiff,shoe,left,0,1,0.2,0.8,0,m,23,351,170,21
kd005,8,ObjAbs,shoe,right,0,0,0.883333333,0.883333333,1,m,23,351,170,21
kd005,9,Match,cup,right,1,1,1,1,1,m,23,351,170,21
kd005,10,Match,shoe,right,1,1,1,1,1,m,23,351,170,21
kd005,11,Mis,shoe,right,1,1,1,1,1,m,23,351,170,21
kd005,12,ObjDiff,cup,left,0,1,0,1,0,m,23,351,170,21
kd005,13,ObjAbs,cup,left,0,1,0.65,0.35,1,m,23,351,170,21
kd005,14,Mis,cup,left,0,1,0.543859649,0.456140351,1,m,23,351,170,21
kd005,15,ObjDiff,shoe,right,1,1,0.5,0.5,1,m,23,351,170,21
kd005,16,ObjAbs,shoe,left,0,1,0.3,0.7,0,m,23,351,170,21
kd007,1,Match,cup,left,0,1,1,0,1,m,21,86,30,7
kd007,2,Match,shoe,right,1,1,1,1,1,m,21,86,30,7
kd007,3,ObjDiff,shoe,left,1,0,0.166666667,0.833333333,0,m,21,86,30,7
kd007,4,ObjAbs,shoe,left,1,0,0.333333333,0.666666667,0,m,21,86,30,7
kd007,5,Mis,shoe,right,1,1,0.875,0.875,1,m,21,86,30,7
kd007,6,ObjAbs,cup,left,1,0,0.047619048,0.952380952,0,m,21,86,30,7
kd007,7,ObjDiff,cup,right,0,0,0,0,0,m,21,86,30,7
kd007,8,Mis,cup,right,1,1,0.8,0.8,1,m,21,86,30,7
kd007,9,Match,cup,right,1,1,0.88372093,0.88372093,1,m,21,86,30,7
kd007,10,Match,shoe,left,0,1,1,0,1,m,21,86,30,7
kd007,11,ObjDiff,shoe,right,1,1,0.533333333,0.533333333,1,m,21,86,30,7
kd007,12,ObjAbs,shoe,right,1,1,1,1,1,m,21,86,30,7
kd007,13,Mis,shoe,left,1,0,0.233333333,0.766666667,0,m,21,86,30,7
kd007,14,ObjAbs,cup,right,1,1,1,1,1,m,21,86,30,7
kd007,15,ObjDiff,cup,left,1,0,0,1,0,m,21,86,30,7
kd007,16,Mis,cup,left,0,1,0.983333333,0.016666667,1,m,21,86,30,7
kd101,1,Match,shoe,right,1,1,1,1,1,f,23,144,61,13
kd101,2,Match,cup,right,1,1,1,1,1,f,23,144,61,13
kd101,3,Mis,cup,left,0,1,1,0,1,f,23,144,61,13
kd101,4,ObjDiff,shoe,left,0,1,1,0,1,f,23,144,61,13
kd101,5,ObjDiff,cup,right,1,1,0.95,0.95,1,f,23,144,61,13
kd101,6,ObjAbs,shoe,left,1,0,0,1,0,f,23,144,61,13
kd101,7,Mis,shoe,right,1,1,1,1,1,f,23,144,61,13
kd101,8,ObjAbs,cup,left,1,0,0,1,0,f,23,144,61,13
kd101,9,Match,shoe,left,0,1,0.833333333,0.166666667,1,f,23,144,61,13
kd101,10,Match,cup,left,0,1,1,0,1,f,23,144,61,13
kd101,11,Mis,cup,right,1,1,1,1,1,f,23,144,61,13
kd101,12,ObjDiff,shoe,right,0,0,0,0,0,f,23,144,61,13
kd101,13,ObjDiff,cup,left,1,0,0,1,0,f,23,144,61,13
kd101,14,ObjAbs,shoe,right,1,1,1,1,1,f,23,144,61,13
kd101,15,Mis,shoe,left,1,0,0,1,0,f,23,144,61,13
kd101,16,ObjAbs,cup,right,1,1,1,1,1,f,23,144,61,13
kd102,1,Match,cup,right,1,1,0.966666667,0.966666667,1,m,19,102,38,3
kd102,2,Match,shoe,right,1,1,1,1,1,m,19,102,38,3
kd102,3,ObjAbs,cup,left,1,0,0.116666667,0.883333333,0,m,19,102,38,3
kd102,4,ObjAbs,shoe,left,1,0,0,1,0,m,19,102,38,3
kd102,5,Mis,cup,right,1,1,1,1,1,m,19,102,38,3
kd102,6,ObjDiff,shoe,left,1,0,0,1,0,m,19,102,38,3
kd102,7,ObjDiff,cup,left,1,0,0,1,0,m,19,102,38,3
kd102,8,Mis,shoe,right,1,1,1,1,1,m,19,102,38,3
kd102,9,Match,cup,left,0,1,0.933333333,0.066666667,1,m,19,102,38,3
kd102,10,Match,shoe,left,0,1,0.85,0.15,1,m,19,102,38,3
kd102,11,ObjAbs,cup,right,0,0,0.216666667,0.216666667,0,m,19,102,38,3
kd102,12,ObjAbs,shoe,right,1,1,0.783333333,0.783333333,1,m,19,102,38,3
kd102,13,Mis,cup,left,0,1,0.783333333,0.216666667,1,m,19,102,38,3
kd102,14,ObjDiff,shoe,right,0,0,1,1,1,m,19,102,38,3
kd102,15,ObjDiff,cup,right,1,1,1,1,1,m,19,102,38,3
kd102,16,Mis,shoe,left,0,1,0.810810811,0.189189189,1,m,19,102,38,3
ai005,1,Match,shoe,right,1,1,1,1,1,f,23,101,44,5
ai005,2,Match,cup,left,0,1,1,0,1,f,23,101,44,5
ai005,3,ObjAbs,cup,left,0,1,1,0,1,f,23,101,44,5
ai005,4,ObjAbs,shoe,right,1,1,0.633333333,0.633333333,1,f,23,101,44,5
ai005,5,Mis,shoe,right,1,1,1,1,1,f,23,101,44,5
ai005,6,ObjDiff,cup,right,1,1,0.8,0.8,1,f,23,101,44,5
ai005,7,Mis,cup,left,1,0,0,1,0,f,23,101,44,5
ai005,8,ObjDiff,shoe,left,1,0,0.45,0.55,0,f,23,101,44,5
ai005,9,Match,shoe,left,0,1,0.55,0.45,1,f,23,101,44,5
ai005,10,Match,cup,right,1,1,1,1,1,f,23,101,44,5
ai005,11,ObjAbs,cup,right,NA,NA,1,1,1,f,23,101,44,5
ai005,12,ObjAbs,shoe,left,NA,NA,0.7,0.3,1,f,23,101,44,5
ai005,13,Mis,shoe,left,0,1,0.7,0.3,1,f,23,101,44,5
ai005,14,ObjDiff,cup,left,NA,NA,1,0,1,f,23,101,44,5
ai005,15,Mis,cup,right,0,0,0.4,0.4,0,f,23,101,44,5
ai005,16,ObjDiff,shoe,right,0,0,0.533333333,0.533333333,1,f,23,101,44,5
as004,1,Match,shoe,right,1,1,1,1,1,m,19,9,1,0
as004,2,Match,cup,left,0,1,1,0,1,m,19,9,1,0
as004,3,Mis,cup,left,0,1,1,0,1,m,19,9,1,0
as004,4,ObjDiff,cup,right,0,0,0,0,0,m,19,9,1,0
as004,5,ObjAbs,shoe,left,0,1,1,0,1,m,19,9,1,0
as004,6,ObjAbs,cup,left,0,1,1,0,1,m,19,9,1,0
as004,7,ObjDiff,shoe,right,1,1,1,1,1,m,19,9,1,0
as004,8,Mis,shoe,right,1,1,1,1,1,m,19,9,1,0
as004,9,Match,shoe,left,0,1,1,0,1,m,19,9,1,0
as004,10,Match,cup,right,0,0,0.1,0.1,0,m,19,9,1,0
as004,11,Mis,cup,right,1,1,1,1,1,m,19,9,1,0
as004,12,ObjDiff,cup,left,0,1,1,0,1,m,19,9,1,0
as004,13,ObjAbs,shoe,right,1,1,1,1,1,m,19,9,1,0
as004,14,ObjAbs,cup,right,1,1,1,1,1,m,19,9,1,0
as004,15,ObjDiff,shoe,left,1,0,0.016666667,0.983333333,0,m,19,9,1,0
as004,16,Mis,shoe,left,1,0,0,1,0,m,19,9,1,0
as008,1,Match,cup,left,0,1,1,0,1,f,23,79,27,1
as008,2,Match,shoe,left,0,1,0.966666667,0.033333333,1,f,23,79,27,1
as008,3,Mis,cup,left,0,1,1,0,1,f,23,79,27,1
as008,4,ObjAbs,cup,left,0,1,0,1,0,f,23,79,27,1
as008,5,ObjAbs,shoe,right,1,1,0.533333333,0.533333333,1,f,23,79,27,1
as008,6,Mis,shoe,right,1,1,1,1,1,f,23,79,27,1
as008,7,ObjDiff,cup,right,1,1,1,1,1,f,23,79,27,1
as008,8,ObjDiff,shoe,right,1,1,1,1,1,f,23,79,27,1
as008,9,Match,cup,right,1,1,1,1,1,f,23,79,27,1
as008,10,Match,shoe,right,1,1,1,1,1,f,23,79,27,1
as008,11,Mis,cup,right,1,1,1,1,1,f,23,79,27,1
as008,12,ObjAbs,cup,right,1,1,1,1,1,f,23,79,27,1
as008,13,ObjAbs,shoe,left,1,0,0,1,0,f,23,79,27,1
as008,14,Mis,shoe,left,0,1,1,0,1,f,23,79,27,1
as008,15,ObjDiff,cup,left,1,0,0,1,0,f,23,79,27,1
as008,16,ObjDiff,shoe,left,0,1,0.65,0.35,1,f,23,79,27,1
hs002,1,Match,cup,right,1,1,0.45,0.45,0,f,21,51,9,1
hs002,2,Match,shoe,right,1,1,1,1,1,f,21,51,9,1
hs002,3,ObjDiff,cup,right,1,1,0.983333333,0.983333333,1,f,21,51,9,1
hs002,4,ObjAbs,cup,right,1,1,0.95,0.95,1,f,21,51,9,1
hs002,5,ObjDiff,shoe,left,0,1,0.9,0.1,1,f,21,51,9,1
hs002,6,Mis,cup,left,0,1,0.966666667,0.033333333,1,f,21,51,9,1
hs002,7,ObjAbs,shoe,left,0,1,1,0,1,f,21,51,9,1
hs002,8,Mis,shoe,left,0,1,1,0,1,f,21,51,9,1
hs002,9,Match,cup,left,0,1,1,0,1,f,21,51,9,1
hs002,10,Match,shoe,left,0,1,1,0,1,f,21,51,9,1
hs002,11,ObjDiff,cup,left,0,1,1,0,1,f,21,51,9,1
hs002,12,ObjAbs,cup,left,0,1,0.633333333,0.366666667,1,f,21,51,9,1
hs002,13,ObjDiff,shoe,right,0,0,0,0,0,f,21,51,9,1
hs002,14,Mis,cup,right,1,1,1,1,1,f,21,51,9,1
hs002,15,ObjAbs,shoe,right,1,1,1,1,1,f,21,51,9,1
hs002,16,Mis,shoe,right,0,0,0.683333333,0.683333333,1,f,21,51,9,1
hs005,1,Match,shoe,right,1,1,0.666666667,0.666666667,1,f,19,75,19,1
hs005,2,Match,cup,left,0,1,0.625,0.375,1,f,19,75,19,1
hs005,3,ObjDiff,shoe,left,0,1,0.8,0.2,1,f,19,75,19,1
hs005,4,ObjAbs,shoe,right,0,0,0.483333333,0.483333333,0,f,19,75,19,1
hs005,5,ObjAbs,cup,left,0,1,0.895833333,0.104166667,1,f,19,75,19,1
hs005,6,Mis,shoe,left,0,1,0.555555556,0.444444444,1,f,19,75,19,1
hs005,7,ObjDiff,cup,right,0,0,0,0,0,f,19,75,19,1
hs005,8,Mis,cup,right,1,1,1,1,1,f,19,75,19,1
hs005,9,Match,shoe,left,0,1,0.866666667,0.133333333,1,f,19,75,19,1
hs005,10,Match,cup,right,1,1,0.983333333,0.983333333,1,f,19,75,19,1
hs005,11,ObjDiff,shoe,right,0,0,0,0,0,f,19,75,19,1
hs005,12,ObjAbs,shoe,left,0,1,0.833333333,0.166666667,1,f,19,75,19,1
hs005,13,ObjAbs,cup,right,0,0,0.35,0.35,0,f,19,75,19,1
hs005,14,Mis,shoe,right,1,1,1,1,1,f,19,75,19,1
hs005,15,ObjDiff,cup,left,1,0,0.383333333,0.616666667,0,f,19,75,19,1
hs005,16,Mis,cup,left,0,1,0.805555556,0.194444444,1,f,19,75,19,1
hn009,1,Match,cup,left,0,1,0.45,0.55,0,m,19,38,7,0
hn009,2,Match,shoe,left,0,1,0.6,0.4,1,m,19,38,7,0
hn009,3,Mis,shoe,right,0,0,0.016666667,0.016666667,0,m,19,38,7,0
hn009,4,ObjDiff,shoe,right,1,1,1,1,1,m,19,38,7,0
hn009,5,ObjAbs,shoe,right,1,1,0.15,0.15,0,m,19,38,7,0
hn009,6,ObjDiff,cup,left,1,0,0.35,0.65,0,m,19,38,7,0
hn009,7,ObjAbs,cup,left,1,0,0.8,0.2,1,m,19,38,7,0
hn009,8,Mis,cup,right,1,1,0.4,0.4,0,m,19,38,7,0
hn009,9,Match,cup,right,1,1,1,1,1,m,19,38,7,0
hn009,10,Match,shoe,right,1,1,0.55,0.55,1,m,19,38,7,0
hn009,11,Mis,shoe,left,1,0,0,1,0,m,19,38,7,0
hn009,12,ObjDiff,shoe,left,1,0,0,1,0,m,19,38,7,0
hn009,13,ObjAbs,shoe,left,1,0,0,1,0,m,19,38,7,0
hn009,14,ObjDiff,cup,right,1,1,0.25,0.25,0,m,19,38,7,0
hn009,15,ObjAbs,cup,right,1,1,1,1,1,m,19,38,7,0
hn009,16,Mis,cup,left,NA,NA,0.366666667,0.633333333,0,m,19,38,7,0
mn007,1,Match,cup,right,1,1,1,1,1,m,21,155,82,6
mn007,2,Match,shoe,left,0,1,0.766666667,0.233333333,1,m,21,155,82,6
mn007,3,ObjDiff,cup,left,1,0,0.266666667,0.733333333,0,m,21,155,82,6
mn007,4,ObjAbs,shoe,right,NA,NA,0.283333333,0.283333333,0,m,21,155,82,6
mn007,5,ObjDiff,shoe,right,1,1,0.8,0.8,1,m,21,155,82,6
mn007,6,ObjAbs,cup,left,0,1,1,0,1,m,21,155,82,6
mn007,7,Mis,cup,left,0,1,0.616666667,0.383333333,1,m,21,155,82,6
mn007,8,Mis,shoe,right,0,0,0.466666667,0.466666667,0,m,21,155,82,6
mn007,9,Match,cup,left,0,1,0.964912281,0.035087719,1,m,21,155,82,6
mn007,10,Match,shoe,right,1,1,1,1,1,m,21,155,82,6
mn007,11,ObjDiff,cup,right,1,1,0,0,0,m,21,155,82,6
mn007,12,ObjAbs,shoe,left,NA,NA,0.25,0.75,0,m,21,155,82,6
mn007,13,ObjDiff,shoe,left,0,1,0.916666667,0.083333333,1,m,21,155,82,6
mn007,14,ObjAbs,cup,right,1,1,0.933333333,0.933333333,1,m,21,155,82,6
mn007,15,Mis,cup,right,0,0,0.466666667,0.466666667,0,m,21,155,82,6
mn007,16,Mis,shoe,left,0,1,1,0,1,m,21,155,82,6
kz003,1,Match,cup,left,0,1,0.953488372,0.046511628,1,f,22,195,84,16
kz003,2,Match,shoe,right,1,1,0.972222222,0.972222222,1,f,22,195,84,16
kz003,3,Mis,cup,left,0,1,0.847826087,0.152173913,1,f,22,195,84,16
kz003,4,ObjAbs,shoe,right,NA,NA,0.033333333,0.033333333,0,f,22,195,84,16
kz003,5,Mis,shoe,right,1,1,0.566666667,0.566666667,1,f,22,195,84,16
kz003,6,ObjDiff,shoe,right,1,1,1,1,1,f,22,195,84,16
kz003,7,ObjDiff,cup,left,1,0,0.883333333,0.116666667,1,f,22,195,84,16
kz003,8,ObjAbs,cup,left,1,0,0.75,0.25,1,f,22,195,84,16
kz003,9,Match,cup,right,1,1,1,1,1,f,22,195,84,16
kz003,10,Match,shoe,left,1,0,0,1,0,f,22,195,84,16
kz003,11,Mis,cup,right,1,1,1,1,1,f,22,195,84,16
kz003,12,ObjAbs,shoe,left,0,1,0.829268293,0.170731707,1,f,22,195,84,16
kz003,13,Mis,shoe,left,0,1,0.766666667,0.233333333,1,f,22,195,84,16
kz003,14,ObjDiff,shoe,left,1,0,0.483333333,0.516666667,0,f,22,195,84,16
kz003,15,ObjDiff,cup,right,1,1,0.533333333,0.533333333,1,f,22,195,84,16
kz003,16,ObjAbs,cup,right,1,1,0.5,0.5,1,f,22,195,84,16
kz004,1,Match,cup,right,1,1,0.533333333,0.533333333,1,m,20,45,8,1
kz004,2,Match,shoe,right,1,1,1,1,1,m,20,45,8,1
kz004,3,ObjAbs,cup,right,NA,NA,0.566666667,0.566666667,1,m,20,45,8,1
kz004,4,ObjDiff,shoe,right,1,1,1,1,1,m,20,45,8,1
kz004,5,Mis,cup,left,1,0,0,1,0,m,20,45,8,1
kz004,6,ObjAbs,shoe,left,1,0,0.333333333,0.666666667,0,m,20,45,8,1
kz004,7,Mis,shoe,left,1,0,0,1,0,m,20,45,8,1
kz004,8,ObjDiff,cup,left,1,0,0.533333333,0.466666667,1,m,20,45,8,1
kz004,9,Match,cup,left,1,0,0.216666667,0.783333333,0,m,20,45,8,1
kz004,10,Match,shoe,left,1,0,0.25,0.75,0,m,20,45,8,1
kz004,11,ObjAbs,cup,left,NA,NA,0.683333333,0.316666667,1,m,20,45,8,1
kz004,12,ObjDiff,shoe,left,1,0,0.1,0.9,0,m,20,45,8,1
kz004,13,Mis,cup,right,1,1,0.116666667,0.116666667,0,m,20,45,8,1
kz004,14,ObjAbs,shoe,right,NA,NA,NA,NA,NA,m,20,45,8,1
kz004,15,Mis,shoe,right,1,1,0.1,0.1,0,m,20,45,8,1
kz004,16,ObjDiff,cup,right,NA,NA,0,0,0,m,20,45,8,1
sm002,1,Match,cup,right,1,1,0.95,0.95,1,m,20,42,8,2
sm002,2,Match,shoe,right,0,0,0.116666667,0.116666667,0,m,20,42,8,2
sm002,3,Mis,shoe,left,1,0,0,1,0,m,20,42,8,2
sm002,4,ObjDiff,cup,left,1,0,0,1,0,m,20,42,8,2
sm002,5,Mis,cup,right,1,1,1,1,1,m,20,42,8,2
sm002,6,ObjAbs,cup,left,1,0,0,1,0,m,20,42,8,2
sm002,7,ObjAbs,shoe,right,0,0,0,0,0,m,20,42,8,2
sm002,8,ObjDiff,shoe,left,1,0,0,1,0,m,20,42,8,2
sm002,9,Match,cup,left,1,0,0,1,0,m,20,42,8,2
sm002,10,Match,shoe,left,0,1,0.166666667,0.833333333,0,m,20,42,8,2
sm002,11,Mis,shoe,right,1,1,1,1,1,m,20,42,8,2
sm002,12,ObjDiff,cup,right,1,1,1,1,1,m,20,42,8,2
sm002,13,Mis,cup,left,0,1,1,0,1,m,20,42,8,2
sm002,14,ObjAbs,cup,right,1,1,0.983333333,0.983333333,1,m,20,42,8,2
sm002,15,ObjAbs,shoe,left,1,0,0,1,0,m,20,42,8,2
sm002,16,ObjDiff,shoe,right,1,1,1,1,1,m,20,42,8,2
sm008,1,Match,cup,left,0,1,1,0,1,f,18,317,154,57
sm008,2,Match,shoe,right,1,1,1,1,1,f,18,317,154,57
sm008,3,ObjAbs,cup,right,0,0,0.016666667,0.016666667,0,f,18,317,154,57
sm008,4,Mis,shoe,left,1,0,0.216666667,0.783333333,0,f,18,317,154,57
sm008,5,ObjDiff,shoe,right,1,1,0.833333333,0.833333333,1,f,18,317,154,57
sm008,6,ObjAbs,shoe,left,1,0,0.133333333,0.866666667,0,f,18,317,154,57
sm008,7,ObjDiff,cup,right,0,0,0.02173913,0.02173913,0,f,18,317,154,57
sm008,8,Mis,cup,left,0,1,1,0,1,f,18,317,154,57
sm008,9,Match,cup,right,NA,NA,1,1,1,f,18,317,154,57
sm008,10,Match,shoe,left,0,1,0.616666667,0.383333333,1,f,18,317,154,57
sm008,11,ObjAbs,cup,left,0,1,0.95,0.05,1,f,18,317,154,57
sm008,12,Mis,shoe,right,NA,NA,0.266666667,0.266666667,0,f,18,317,154,57
sm008,13,ObjDiff,shoe,left,1,0,0.56097561,0.43902439,1,f,18,317,154,57
sm008,14,ObjAbs,shoe,right,0,0,0.066666667,0.066666667,0,f,18,317,154,57
sm008,15,ObjDiff,cup,left,0,1,0.366666667,0.633333333,0,f,18,317,154,57
sm008,16,Mis,cup,right,0,0,0.183333333,0.183333333,0,f,18,317,154,57
ai002,1,Match,cup,right,1,1,1,1,1,f,21,122,40,14
ai002,2,Match,shoe,right,1,1,0.783333333,0.783333333,1,f,21,122,40,14
ai002,3,Mis,cup,left,0,1,1,0,1,f,21,122,40,14
ai002,4,ObjAbs,cup,right,1,1,0.816666667,0.816666667,1,f,21,122,40,14
ai002,5,Mis,shoe,right,1,1,0.916666667,0.916666667,1,f,21,122,40,14
ai002,6,ObjDiff,cup,left,1,0,0.583333333,0.416666667,1,f,21,122,40,14
ai002,7,ObjDiff,shoe,left,1,0,0,1,0,f,21,122,40,14
ai002,8,ObjAbs,shoe,left,1,0,0,1,0,f,21,122,40,14
ai002,9,Match,cup,left,0,1,0.766666667,0.233333333,1,f,21,122,40,14
ai002,10,Match,shoe,left,0,1,0.883333333,0.116666667,1,f,21,122,40,14
ai002,11,Mis,cup,right,1,1,1,1,1,f,21,122,40,14
ai002,12,ObjAbs,cup,left,NA,NA,0.5,0.5,1,f,21,122,40,14
ai002,13,Mis,shoe,left,0,1,0.766666667,0.233333333,1,f,21,122,40,14
ai002,14,ObjDiff,cup,right,1,1,1,1,1,f,21,122,40,14
ai002,15,ObjDiff,shoe,right,1,1,1,1,1,f,21,122,40,14
ai002,16,ObjAbs,shoe,right,1,1,1,1,1,f,21,122,40,14
ki002,1,Match,cup,left,1,0,0.416666667,0.583333333,0,f,22,162,91,2
ki002,2,Match,shoe,right,1,1,1,1,1,f,22,162,91,2
ki002,3,ObjAbs,shoe,right,1,1,0.733333333,0.733333333,1,f,22,162,91,2
ki002,4,ObjAbs,cup,right,1,1,0.25,0.25,0,f,22,162,91,2
ki002,5,Mis,shoe,left,0,1,1,0,1,f,22,162,91,2
ki002,6,ObjDiff,shoe,right,1,1,0.816666667,0.816666667,1,f,22,162,91,2
ki002,7,ObjDiff,cup,left,0,1,0.9,0.1,1,f,22,162,91,2
ki002,8,Mis,cup,left,0,1,0.9,0.1,1,f,22,162,91,2
ki002,9,Match,cup,right,0,0,0.283333333,0.283333333,0,f,22,162,91,2
ki002,10,Match,shoe,left,0,1,0.8,0.2,1,f,22,162,91,2
ki002,11,ObjAbs,shoe,left,0,1,0.8,0.2,1,f,22,162,91,2
ki002,12,ObjAbs,cup,left,0,1,1,0,1,f,22,162,91,2
ki002,13,Mis,shoe,right,0,0,0,0,0,f,22,162,91,2
ki002,14,ObjDiff,shoe,left,1,0,0,1,0,f,22,162,91,2
ki002,15,ObjDiff,cup,right,0,0,0.383333333,0.383333333,0,f,22,162,91,2
ki002,16,Mis,cup,right,0,0,0.283333333,0.283333333,0,f,22,162,91,2
sm007,1,Match,shoe,right,0,0,0.666666667,0.666666667,1,m,22,81,16,2
sm007,2,Match,cup,left,0,1,1,0,1,m,22,81,16,2
sm007,3,ObjAbs,shoe,left,0,1,0.716666667,0.283333333,1,m,22,81,16,2
sm007,4,ObjDiff,cup,left,1,0,0,1,0,m,22,81,16,2
sm007,5,Mis,cup,right,1,1,1,1,1,m,22,81,16,2
sm007,6,ObjAbs,cup,right,0,0,0,0,0,m,22,81,16,2
sm007,7,Mis,shoe,left,0,1,0.783333333,0.216666667,1,m,22,81,16,2
sm007,8,ObjDiff,shoe,right,0,0,0.366666667,0.366666667,0,m,22,81,16,2
sm007,9,Match,shoe,left,0,1,0.633333333,0.366666667,1,m,22,81,16,2
sm007,10,Match,cup,right,1,1,0.733333333,0.733333333,1,m,22,81,16,2
sm007,11,ObjAbs,shoe,right,1,1,1,1,1,m,22,81,16,2
sm007,12,ObjDiff,cup,right,1,1,1,1,1,m,22,81,16,2
sm007,13,Mis,cup,left,0,1,1,0,1,m,22,81,16,2
sm007,14,ObjAbs,cup,left,0,1,1,0,1,m,22,81,16,2
sm007,15,Mis,shoe,right,0,0,0.55,0.55,1,m,22,81,16,2
sm007,16,ObjDiff,shoe,left,0,1,0.6,0.4,1,m,22,81,16,2
kd009,1,Match,shoe,left,0,1,0.616666667,0.383333333,1,m,18,78,33,1
kd009,2,Match,cup,right,1,1,0.983333333,0.983333333,1,m,18,78,33,1
kd009,3,Mis,shoe,left,1,0,0,1,0,m,18,78,33,1
kd009,4,ObjAbs,cup,left,1,0,0.016666667,0.983333333,0,m,18,78,33,1
kd009,5,ObjAbs,shoe,right,1,1,0.966666667,0.966666667,1,m,18,78,33,1
kd009,6,ObjDiff,cup,left,1,0,0,1,0,m,18,78,33,1
kd009,7,ObjDiff,shoe,right,1,1,0.833333333,0.833333333,1,m,18,78,33,1
kd009,8,Mis,cup,right,1,1,0.883333333,0.883333333,1,m,18,78,33,1
kd009,9,Match,shoe,right,1,1,1,1,1,m,18,78,33,1
kd009,10,Match,cup,left,0,1,0.883333333,0.116666667,1,m,18,78,33,1
kd009,11,Mis,shoe,right,0,0,0,0,0,m,18,78,33,1
kd009,12,ObjAbs,cup,right,1,1,1,1,1,m,18,78,33,1
kd009,13,ObjAbs,shoe,left,1,0,0.533333333,0.466666667,1,m,18,78,33,1
kd009,14,ObjDiff,cup,right,0,0,0.066666667,0.066666667,0,m,18,78,33,1
kd009,15,ObjDiff,shoe,left,0,1,0.983333333,0.016666667,1,m,18,78,33,1
kd009,16,Mis,cup,left,0,1,0.95,0.05,1,m,18,78,33,1
hn002,1,Match,cup,right,1,1,0.742857143,0.742857143,1,f,23,206,70,30
hn002,2,Match,shoe,right,1,1,1,1,1,f,23,206,70,30
hn002,3,ObjDiff,shoe,left,1,0,0,1,0,f,23,206,70,30
hn002,4,ObjAbs,shoe,left,1,0,0,1,0,f,23,206,70,30
hn002,5,Mis,shoe,right,1,1,1,1,1,f,23,206,70,30
hn002,6,ObjAbs,cup,right,1,1,0.958333333,0.958333333,1,f,23,206,70,30
hn002,7,ObjDiff,cup,left,1,0,0.433333333,0.566666667,0,f,23,206,70,30
hn002,8,Mis,cup,left,0,1,0.716666667,0.283333333,1,f,23,206,70,30
hn002,9,Match,cup,left,0,1,0.966666667,0.033333333,1,f,23,206,70,30
hn002,10,Match,shoe,left,0,1,0.983333333,0.016666667,1,f,23,206,70,30
hn002,11,ObjDiff,shoe,right,1,1,1,1,1,f,23,206,70,30
hn002,12,ObjAbs,shoe,right,1,1,1,1,1,f,23,206,70,30
hn002,13,Mis,shoe,left,1,0,0.125,0.875,0,f,23,206,70,30
hn002,14,ObjAbs,cup,left,1,0,0.666666667,0.333333333,1,f,23,206,70,30
hn002,15,ObjDiff,cup,right,0,0,0.125,0.125,0,f,23,206,70,30
hn002,16,Mis,cup,right,1,1,0.866666667,0.866666667,1,f,23,206,70,30
hn008,1,Match,cup,left,0,1,0.483333333,0.516666667,0,f,21,244,85,29
hn008,2,Match,shoe,right,1,1,0.683333333,0.683333333,1,f,21,244,85,29
hn008,3,ObjAbs,cup,right,1,1,1,1,1,f,21,244,85,29
hn008,4,ObjAbs,shoe,right,1,1,1,1,1,f,21,244,85,29
hn008,5,Mis,cup,left,0,1,0.736842105,0.263157895,1,f,21,244,85,29
hn008,6,ObjDiff,shoe,right,1,1,1,1,1,f,21,244,85,29
hn008,7,Mis,shoe,left,1,0,0,1,0,f,21,244,85,29
hn008,8,ObjDiff,cup,left,0,1,0.566666667,0.433333333,1,f,21,244,85,29
hn008,9,Match,cup,right,1,1,0.766666667,0.766666667,1,f,21,244,85,29
hn008,10,Match,shoe,left,1,0,0.283333333,0.716666667,0,f,21,244,85,29
hn008,11,ObjAbs,cup,left,1,0,0,1,0,f,21,244,85,29
hn008,12,ObjAbs,shoe,left,1,0,0,1,0,f,21,244,85,29
hn008,13,Mis,cup,right,1,1,1,1,1,f,21,244,85,29
hn008,14,ObjDiff,shoe,left,0,1,0.95,0.05,1,f,21,244,85,29
hn008,15,Mis,shoe,right,1,1,NA,NA,NA,f,21,244,85,29
hn008,16,ObjDiff,cup,right,1,1,0.542372881,0.542372881,1,f,21,244,85,29
kb002,1,Match,shoe,right,1,1,1,1,1,m,19,99,37,8
kb002,2,Match,cup,left,0,1,1,0,1,m,19,99,37,8
kb002,3,ObjAbs,shoe,right,1,1,1,1,1,m,19,99,37,8
kb002,4,Mis,shoe,left,0,1,0.7,0.3,1,m,19,99,37,8
kb002,5,Mis,cup,right,1,1,1,1,1,m,19,99,37,8
kb002,6,ObjDiff,cup,right,0,0,0.316666667,0.316666667,0,m,19,99,37,8
kb002,7,ObjDiff,shoe,left,0,1,1,0,1,m,19,99,37,8
kb002,8,ObjAbs,cup,left,0,1,0.983333333,0.016666667,1,m,19,99,37,8
kb002,9,Match,shoe,left,1,0,0,1,0,m,19,99,37,8
kb002,10,Match,cup,right,0,0,0.066666667,0.066666667,0,m,19,99,37,8
kb002,11,ObjAbs,shoe,left,1,0,0,1,0,m,19,99,37,8
kb002,12,Mis,shoe,right,1,1,1,1,1,m,19,99,37,8
kb002,13,Mis,cup,left,0,1,0.85,0.15,1,m,19,99,37,8
kb002,14,ObjDiff,cup,left,1,0,0,1,0,m,19,99,37,8
kb002,15,ObjDiff,shoe,right,0,0,0,0,0,m,19,99,37,8
kb002,16,ObjAbs,cup,right,1,1,0.9,0.9,1,m,19,99,37,8
mn003,1,Match,cup,right,1,1,0.733333333,0.733333333,1,f,20,33,2,0
mn003,2,Match,shoe,left,0,1,1,0,1,f,20,33,2,0
mn003,3,ObjDiff,cup,left,1,0,0,1,0,f,20,33,2,0
mn003,4,ObjAbs,cup,right,1,1,0.75,0.75,1,f,20,33,2,0
mn003,5,Mis,shoe,left,1,0,0,1,0,f,20,33,2,0
mn003,6,ObjDiff,shoe,right,0,0,0,0,0,f,20,33,2,0
mn003,7,Mis,cup,right,1,1,0.816666667,0.816666667,1,f,20,33,2,0
mn003,8,ObjAbs,shoe,left,0,1,1,0,1,f,20,33,2,0
mn003,9,Match,cup,left,1,0,0.716666667,0.283333333,1,f,20,33,2,0
mn003,10,Match,shoe,right,0,0,0.533333333,0.533333333,1,f,20,33,2,0
mn003,11,ObjDiff,cup,right,0,0,0,0,0,f,20,33,2,0
mn003,12,ObjAbs,cup,left,1,0,0.166666667,0.833333333,0,f,20,33,2,0
mn003,13,Mis,shoe,right,0,0,0.05,0.05,0,f,20,33,2,0
mn003,14,ObjDiff,shoe,left,1,0,0.1,0.9,0,f,20,33,2,0
mn003,15,Mis,cup,left,0,1,1,0,1,f,20,33,2,0
mn003,16,ObjAbs,shoe,right,1,1,0.833333333,0.833333333,1,f,20,33,2,0
mn008,1,Match,cup,left,0,1,0.833333333,0.166666667,1,f,19,72,16,2
mn008,2,Match,shoe,right,0,0,0.316666667,0.316666667,0,f,19,72,16,2
mn008,3,ObjAbs,shoe,left,1,0,0,1,0,f,19,72,16,2
mn008,4,Mis,cup,left,1,0,0.633333333,0.366666667,1,f,19,72,16,2
mn008,5,Mis,shoe,right,0,0,0.033333333,0.033333333,0,f,19,72,16,2
mn008,6,ObjDiff,shoe,right,0,0,0,0,0,f,19,72,16,2
mn008,7,ObjDiff,cup,right,0,0,0.116666667,0.116666667,0,f,19,72,16,2
mn008,8,ObjAbs,cup,left,0,1,0.85,0.15,1,f,19,72,16,2
mn008,9,Match,cup,right,0,0,0.1,0.1,0,f,19,72,16,2
mn008,10,Match,shoe,left,0,1,1,0,1,f,19,72,16,2
mn008,11,ObjAbs,shoe,right,0,0,0.266666667,0.266666667,0,f,19,72,16,2
mn008,12,Mis,cup,right,0,0,0.366666667,0.366666667,0,f,19,72,16,2
mn008,13,Mis,shoe,left,0,1,1,0,1,f,19,72,16,2
mn008,14,ObjDiff,shoe,left,1,0,0,1,0,f,19,72,16,2
mn008,15,ObjDiff,cup,left,1,0,0,1,0,f,19,72,16,2
mn008,16,ObjAbs,cup,right,0,0,0.183333333,0.183333333,0,f,19,72,16,2
ai004,1,Match,shoe,right,1,1,1,1,1,f,22,197,83,16
ai004,2,Match,cup,right,1,1,1,1,1,f,22,197,83,16
ai004,3,Mis,shoe,left,0,1,0.378378378,0.621621622,0,f,22,197,83,16
ai004,4,ObjDiff,shoe,right,0,0,0.2,0.2,0,f,22,197,83,16
ai004,5,ObjDiff,cup,left,1,0,0.055555556,0.944444444,0,f,22,197,83,16
ai004,6,ObjAbs,cup,right,NA,NA,0.763157895,0.763157895,1,f,22,197,83,16
ai004,7,Mis,cup,left,0,1,0.583333333,0.416666667,1,f,22,197,83,16
ai004,8,ObjAbs,shoe,left,0,1,0.5,0.5,1,f,22,197,83,16
ai004,9,Match,shoe,left,0,1,0.833333333,0.166666667,1,f,22,197,83,16
ai004,10,Match,cup,left,0,1,0.548387097,0.451612903,1,f,22,197,83,16
ai004,11,Mis,shoe,right,1,1,1,1,1,f,22,197,83,16
ai004,12,ObjDiff,shoe,left,1,0,0.15,0.85,0,f,22,197,83,16
ai004,13,ObjDiff,cup,right,1,1,1,1,1,f,22,197,83,16
ai004,14,ObjAbs,cup,left,0,1,0.7,0.3,1,f,22,197,83,16
ai004,15,Mis,cup,right,1,1,0.883333333,0.883333333,1,f,22,197,83,16
ai004,16,ObjAbs,shoe,right,1,1,1,1,1,f,22,197,83,16
kd006,1,Match,cup,right,1,1,0.516666667,0.516666667,1,f,21,108,39,1
kd006,2,Match,shoe,left,0,1,1,0,1,f,21,108,39,1
kd006,3,Mis,shoe,right,1,1,0.883333333,0.883333333,1,f,21,108,39,1
kd006,4,ObjDiff,shoe,left,0,1,0.716666667,0.283333333,1,f,21,108,39,1
kd006,5,ObjDiff,cup,right,1,1,1,1,1,f,21,108,39,1
kd006,6,ObjAbs,cup,left,1,0,0.283333333,0.716666667,0,f,21,108,39,1
kd006,7,Mis,cup,left,1,0,0.176470588,0.823529412,0,f,21,108,39,1
kd006,8,ObjAbs,shoe,right,1,1,0.888888889,0.888888889,1,f,21,108,39,1
kd006,9,Match,cup,left,0,1,0.952380952,0.047619048,1,f,21,108,39,1
kd006,10,Match,shoe,right,1,1,1,1,1,f,21,108,39,1
kd006,11,Mis,shoe,left,1,0,0.066666667,0.933333333,0,f,21,108,39,1
kd006,12,ObjDiff,shoe,right,NA,NA,0.3,0.3,0,f,21,108,39,1
kd006,13,ObjDiff,cup,left,0,1,0.965517241,0.034482759,1,f,21,108,39,1
kd006,14,ObjAbs,cup,right,1,1,0.65,0.65,1,f,21,108,39,1
kd006,15,Mis,cup,right,0,0,0.047619048,0.047619048,0,f,21,108,39,1
kd006,16,ObjAbs,shoe,left,0,1,0.316666667,0.683333333,0,f,21,108,39,1
hn006,1,Match,shoe,left,0,1,1,0,1,m,22,64,19,2
hn006,2,Match,cup,right,1,1,0.833333333,0.833333333,1,m,22,64,19,2
hn006,3,ObjDiff,cup,right,1,1,0.588235294,0.588235294,1,m,22,64,19,2
hn006,4,ObjAbs,shoe,right,1,1,1,1,1,m,22,64,19,2
hn006,5,ObjDiff,shoe,left,1,0,0.05,0.95,0,m,22,64,19,2
hn006,6,Mis,cup,left,1,0,0,1,0,m,22,64,19,2
hn006,7,Mis,shoe,left,1,0,0,1,0,m,22,64,19,2
hn006,8,ObjAbs,cup,right,1,1,1,1,1,m,22,64,19,2
hn006,9,Match,shoe,right,1,1,0.5,0.5,1,m,22,64,19,2
hn006,10,Match,cup,left,0,1,0.733333333,0.266666667,1,m,22,64,19,2
hn006,11,ObjDiff,cup,left,1,0,0.433333333,0.566666667,0,m,22,64,19,2
hn006,12,ObjAbs,shoe,left,1,0,0.230769231,0.769230769,0,m,22,64,19,2
hn006,13,ObjDiff,shoe,right,NA,NA,0.520833333,0.520833333,1,m,22,64,19,2
hn006,14,Mis,cup,right,1,1,0.616666667,0.616666667,1,m,22,64,19,2
hn006,15,Mis,shoe,right,1,1,0.625,0.625,1,m,22,64,19,2
hn006,16,ObjAbs,cup,left,NA,NA,0.6,0.4,1,m,22,64,19,2
mn009,1,Match,shoe,left,0,1,1,0,1,m,18,21,3,1
mn009,2,Match,cup,left,0,1,0.8,0.2,1,m,18,21,3,1
mn009,3,ObjAbs,shoe,right,0,0,0.583333333,0.583333333,1,m,18,21,3,1
mn009,4,ObjAbs,cup,right,NA,NA,0.15,0.15,0,m,18,21,3,1
mn009,5,Mis,cup,left,0,1,0.911764706,0.088235294,1,m,18,21,3,1
mn009,6,ObjDiff,cup,left,0,1,0.307692308,0.692307692,0,m,18,21,3,1
mn009,7,ObjDiff,shoe,right,NA,NA,0,0,0,m,18,21,3,1
mn009,8,Mis,shoe,right,1,1,0.2,0.2,0,m,18,21,3,1
mn009,9,Match,shoe,right,1,1,1,1,1,m,18,21,3,1
mn009,10,Match,cup,right,1,1,1,1,1,m,18,21,3,1
mn009,11,ObjAbs,shoe,left,0,1,0.55,0.45,1,m,18,21,3,1
mn009,12,ObjAbs,cup,left,1,0,1,0,1,m,18,21,3,1
mn009,13,Mis,cup,right,1,1,0.383333333,0.383333333,0,m,18,21,3,1
mn009,14,ObjDiff,cup,right,1,1,0.633333333,0.633333333,1,m,18,21,3,1
mn009,15,ObjDiff,shoe,left,0,1,0.033333333,0.966666667,0,m,18,21,3,1
mn009,16,Mis,shoe,left,1,0,1,0,1,m,18,21,3,1
hn005,1,Match,shoe,left,1,0,0.25,0.75,0,m,23,93,20,8
hn005,2,Match,cup,right,1,1,1,1,1,m,23,93,20,8
hn005,3,ObjAbs,cup,right,1,1,1,1,1,m,23,93,20,8
hn005,4,ObjDiff,shoe,left,1,0,0.255319149,0.744680851,0,m,23,93,20,8
hn005,5,Mis,shoe,right,1,1,1,1,1,m,23,93,20,8
hn005,6,Mis,cup,left,1,0,0,1,0,m,23,93,20,8
hn005,7,ObjAbs,shoe,right,0,0,0,0,0,m,23,93,20,8
hn005,8,ObjDiff,cup,left,NA,NA,0,1,0,m,23,93,20,8
hn005,9,Match,shoe,right,1,1,1,1,1,m,23,93,20,8
hn005,10,Match,cup,left,1,0,0.133333333,0.866666667,0,m,23,93,20,8
hn005,11,ObjAbs,cup,left,1,0,0,1,0,m,23,93,20,8
hn005,12,ObjDiff,shoe,right,1,1,1,1,1,m,23,93,20,8
hn005,13,Mis,shoe,left,1,0,0.466666667,0.533333333,0,m,23,93,20,8
hn005,14,Mis,cup,right,NA,NA,1,1,1,m,23,93,20,8
hn005,15,ObjAbs,shoe,left,1,0,0.666666667,0.333333333,1,m,23,93,20,8
hn005,16,ObjDiff,cup,right,NA,NA,0,0,0,m,23,93,20,8
sm003,1,Match,cup,right,NA,NA,0.783333333,0.783333333,1,m,18,1,0,1
sm003,2,Match,shoe,right,1,1,1,1,1,m,18,1,0,1
sm003,3,Mis,shoe,left,NA,NA,0.716666667,0.283333333,1,m,18,1,0,1
sm003,4,Mis,cup,left,NA,NA,0.433333333,0.566666667,0,m,18,1,0,1
sm003,5,ObjDiff,cup,right,NA,NA,0.716666667,0.716666667,1,m,18,1,0,1
sm003,6,ObjAbs,cup,left,NA,NA,0.033333333,0.966666667,0,m,18,1,0,1
sm003,7,ObjDiff,shoe,left,NA,NA,0.941176471,0.058823529,1,m,18,1,0,1
sm003,8,ObjAbs,shoe,right,1,1,0,0,0,m,18,1,0,1
sm003,9,Match,cup,left,NA,NA,0.85,0.15,1,m,18,1,0,1
sm003,10,Match,shoe,left,NA,NA,0.75,0.25,1,m,18,1,0,1
sm003,11,Mis,shoe,right,NA,NA,0,0,0,m,18,1,0,1
sm003,12,Mis,cup,right,NA,NA,1,1,1,m,18,1,0,1
sm003,13,ObjDiff,cup,left,NA,NA,1,0,1,m,18,1,0,1
sm003,14,ObjAbs,cup,right,NA,NA,0,0,0,m,18,1,0,1
sm003,15,ObjDiff,shoe,right,NA,NA,0,0,0,m,18,1,0,1
sm003,16,ObjAbs,shoe,left,NA,NA,0,1,0,m,18,1,0,1
kd008,1,Match,cup,left,NA,NA,1,0,1,f,20,251,144,11
kd008,2,Match,shoe,left,NA,NA,1,0,1,f,20,251,144,11
kd008,3,Mis,cup,left,NA,NA,1,0,1,f,20,251,144,11
kd008,4,ObjDiff,cup,right,NA,NA,0,0,0,f,20,251,144,11
kd008,5,ObjAbs,shoe,right,NA,NA,1,1,1,f,20,251,144,11
kd008,6,ObjDiff,shoe,left,NA,NA,0.433333333,0.566666667,0,f,20,251,144,11
kd008,7,ObjAbs,cup,right,NA,NA,0,0,0,f,20,251,144,11
kd008,8,Mis,shoe,right,NA,NA,1,1,1,f,20,251,144,11
kd008,9,Match,cup,right,NA,NA,1,1,1,f,20,251,144,11
kd008,10,Match,shoe,right,NA,NA,0,0,0,f,20,251,144,11
kd008,11,Mis,cup,right,NA,NA,0.4,0.4,0,f,20,251,144,11
kd008,12,ObjDiff,cup,left,NA,NA,0.4,0.6,0,f,20,251,144,11
kd008,13,ObjAbs,shoe,left,NA,NA,0.5,0.5,1,f,20,251,144,11
kd008,14,ObjDiff,shoe,right,NA,NA,0.833333333,0.833333333,1,f,20,251,144,11
kd008,15,ObjAbs,cup,left,NA,NA,0.033333333,0.966666667,0,f,20,251,144,11
kd008,16,Mis,shoe,left,NA,NA,0.716666667,0.283333333,1,f,20,251,144,11
as007,1,Match,cup,left,NA,NA,0.183333333,0.816666667,0,m,22,104,46,4
as007,2,Match,shoe,right,NA,NA,1,1,1,m,22,104,46,4
as007,3,ObjAbs,cup,left,NA,NA,0,1,0,m,22,104,46,4
as007,4,ObjDiff,cup,right,NA,NA,1,1,1,m,22,104,46,4
as007,5,Mis,cup,left,NA,NA,1,0,1,m,22,104,46,4
as007,6,Mis,shoe,right,NA,NA,1,1,1,m,22,104,46,4
as007,7,ObjDiff,shoe,left,NA,NA,0.066666667,0.933333333,0,m,22,104,46,4
as007,8,ObjAbs,shoe,right,NA,NA,1,1,1,m,22,104,46,4
as007,9,Match,cup,right,NA,NA,1,1,1,m,22,104,46,4
as007,10,Match,shoe,left,NA,NA,0.616666667,0.383333333,1,m,22,104,46,4
as007,11,ObjAbs,cup,right,NA,NA,1,1,1,m,22,104,46,4
as007,12,ObjDiff,cup,left,NA,NA,0,1,0,m,22,104,46,4
as007,13,Mis,cup,right,NA,NA,1,1,1,m,22,104,46,4
as007,14,Mis,shoe,left,NA,NA,0.55,0.45,1,m,22,104,46,4
as007,15,ObjDiff,shoe,right,NA,NA,0.3,0.3,0,m,22,104,46,4
as007,16,ObjAbs,shoe,left,NA,NA,0,1,0,m,22,104,46,4
hn007,1,Match,cup,right,NA,NA,0.616666667,0.616666667,1,m,22,86,33,5
hn007,2,Match,shoe,left,NA,NA,0.916666667,0.083333333,1,m,22,86,33,5
hn007,3,ObjDiff,cup,left,NA,NA,0.416666667,0.583333333,0,m,22,86,33,5
hn007,4,Mis,shoe,left,NA,NA,1,0,1,m,22,86,33,5
hn007,5,Mis,cup,right,NA,NA,0,0,0,m,22,86,33,5
hn007,6,ObjDiff,shoe,left,NA,NA,0,1,0,m,22,86,33,5
hn007,7,ObjAbs,shoe,right,NA,NA,0,0,0,m,22,86,33,5
hn007,8,ObjAbs,cup,right,NA,NA,0.533333333,0.533333333,1,m,22,86,33,5
hn007,9,Match,cup,left,NA,NA,0.3,0.7,0,m,22,86,33,5
hn007,10,Match,shoe,right,NA,NA,1,1,1,m,22,86,33,5
hn007,11,ObjDiff,cup,right,NA,NA,0.383333333,0.383333333,0,m,22,86,33,5
hn007,12,Mis,shoe,right,NA,NA,0,0,0,m,22,86,33,5
hn007,13,Mis,cup,left,NA,NA,1,0,1,m,22,86,33,5
hn007,14,ObjDiff,shoe,right,NA,NA,0.15,0.15,0,m,22,86,33,5
hn007,15,ObjAbs,shoe,left,NA,NA,0.416666667,0.583333333,0,m,22,86,33,5
hn007,16,ObjAbs,cup,left,NA,NA,0.733333333,0.266666667,1,m,22,86,33,5
hn011,1,Match,cup,right,NA,NA,0.133333333,0.133333333,0,m,18,27,3,2
hn011,2,Match,shoe,left,NA,NA,1,0,1,m,18,27,3,2
hn011,3,ObjAbs,cup,left,NA,NA,0.7,0.3,1,m,18,27,3,2
hn011,4,Mis,shoe,right,NA,NA,0.116666667,0.116666667,0,m,18,27,3,2
hn011,5,ObjAbs,shoe,right,NA,NA,1,1,1,m,18,27,3,2
hn011,6,Mis,cup,right,NA,NA,0.983333333,0.983333333,1,m,18,27,3,2
hn011,7,ObjDiff,cup,left,NA,NA,0.383333333,0.616666667,0,m,18,27,3,2
hn011,8,ObjDiff,shoe,left,NA,NA,0,1,0,m,18,27,3,2
hn011,9,Match,cup,left,NA,NA,0.366666667,0.633333333,0,m,18,27,3,2
hn011,10,Match,shoe,right,NA,NA,1,1,1,m,18,27,3,2
hn011,11,ObjAbs,cup,right,NA,NA,1,1,1,m,18,27,3,2
hn011,12,Mis,shoe,left,NA,NA,0,1,0,m,18,27,3,2
hn011,13,ObjAbs,shoe,left,NA,NA,0.483333333,0.516666667,0,m,18,27,3,2
hn011,14,Mis,cup,left,NA,NA,0.033333333,0.966666667,0,m,18,27,3,2
hn011,15,ObjDiff,cup,right,NA,NA,0.85,0.85,1,m,18,27,3,2
hn011,16,ObjDiff,shoe,right,NA,NA,1,1,1,m,18,27,3,2
mk003,1,Match,cup,left,NA,NA,0.783333333,0.216666667,1,f,18,1,0,0
mk003,2,Match,shoe,right,NA,NA,0.966666667,0.966666667,1,f,18,1,0,0
mk003,3,ObjDiff,shoe,right,NA,NA,0.45,0.45,0,f,18,1,0,0
mk003,4,Mis,cup,right,NA,NA,0.366666667,0.366666667,0,f,18,1,0,0
mk003,5,ObjAbs,shoe,right,NA,NA,0.659090909,0.659090909,1,f,18,1,0,0
mk003,6,Mis,shoe,left,NA,NA,0.333333333,0.666666667,0,f,18,1,0,0
mk003,7,ObjDiff,cup,left,NA,NA,0.3,0.7,0,f,18,1,0,0
mk003,8,ObjAbs,cup,left,NA,NA,1,0,1,f,18,1,0,0
mk003,9,Match,cup,right,NA,NA,0.433333333,0.433333333,0,f,18,1,0,0
mk003,10,Match,shoe,left,NA,NA,0.166666667,0.833333333,0,f,18,1,0,0
mk003,11,ObjDiff,shoe,left,NA,NA,0,1,0,f,18,1,0,0
mk003,12,Mis,cup,left,NA,NA,0,1,0,f,18,1,0,0
mk003,13,ObjAbs,shoe,left,NA,NA,1,0,1,f,18,1,0,0
mk003,14,Mis,shoe,right,NA,NA,0.966666667,0.966666667,1,f,18,1,0,0
mk003,15,ObjDiff,cup,right,NA,NA,0.983333333,0.983333333,1,f,18,1,0,0
mk003,16,ObjAbs,cup,right,NA,NA,0.983333333,0.983333333,1,f,18,1,0,0
kb001,1,Match,shoe,right,1,1,1,1,1,m,20,81,35,1
kb001,2,Match,cup,right,1,1,1,1,1,m,20,81,35,1
kb001,3,ObjDiff,shoe,right,1,1,1,1,1,m,20,81,35,1
kb001,4,ObjAbs,cup,left,NA,NA,1,0,1,m,20,81,35,1
kb001,5,Mis,cup,right,NA,NA,1,1,1,m,20,81,35,1
kb001,6,ObjDiff,cup,left,NA,NA,0,1,0,m,20,81,35,1
kb001,7,ObjAbs,shoe,left,NA,NA,0.316666667,0.683333333,0,m,20,81,35,1
kb001,8,Mis,shoe,left,0,1,1,0,1,m,20,81,35,1
kb001,9,Match,shoe,left,NA,NA,0.866666667,0.133333333,1,m,20,81,35,1
kb001,10,Match,cup,left,NA,NA,1,0,1,m,20,81,35,1
kb001,11,ObjDiff,shoe,left,NA,NA,1,0,1,m,20,81,35,1
kb001,12,ObjAbs,cup,right,NA,NA,0,0,0,m,20,81,35,1
kb001,13,Mis,cup,left,NA,NA,0.85,0.15,1,m,20,81,35,1
kb001,14,ObjDiff,cup,right,NA,NA,0,0,0,m,20,81,35,1
kb001,15,ObjAbs,shoe,right,NA,NA,0.016666667,0.016666667,0,m,20,81,35,1
kb001,16,Mis,shoe,right,NA,NA,0.1,0.1,0,m,20,81,35,1
kb003,1,Match,shoe,right,NA,NA,1,1,1,f,19,201,86,10
kb003,2,Match,cup,right,1,1,0.731707317,0.731707317,1,f,19,201,86,10
kb003,3,Mis,shoe,left,NA,NA,0.55,0.45,1,f,19,201,86,10
kb003,4,ObjDiff,cup,right,NA,NA,0.333333333,0.333333333,0,f,19,201,86,10
kb003,5,Mis,cup,right,NA,NA,0.976190476,0.976190476,1,f,19,201,86,10
kb003,6,ObjDiff,shoe,left,NA,NA,0.333333333,0.666666667,0,f,19,201,86,10
kb003,7,ObjAbs,shoe,left,NA,NA,0.333333333,0.666666667,0,f,19,201,86,10
kb003,8,ObjAbs,cup,left,NA,NA,0.383333333,0.616666667,0,f,19,201,86,10
kb003,9,Match,shoe,left,NA,NA,0.633333333,0.366666667,1,f,19,201,86,10
kb003,10,Match,cup,left,NA,NA,0.033333333,0.966666667,0,f,19,201,86,10
kb003,11,Mis,shoe,right,NA,NA,0.316666667,0.316666667,0,f,19,201,86,10
kb003,12,ObjDiff,cup,left,NA,NA,0.05,0.95,0,f,19,201,86,10
kb003,13,Mis,cup,left,NA,NA,0,1,0,f,19,201,86,10
kb003,14,ObjDiff,shoe,right,NA,NA,0.35,0.35,0,f,19,201,86,10
kb003,15,ObjAbs,shoe,right,1,1,0.85,0.85,1,f,19,201,86,10
kb003,16,ObjAbs,cup,right,NA,NA,0,0,0,f,19,201,86,10
kb004,1,Match,shoe,left,NA,NA,0.766666667,0.233333333,1,f,18,49,10,3
kb004,2,Match,cup,right,NA,NA,1,1,1,f,18,49,10,3
kb004,3,ObjAbs,cup,left,NA,NA,0.983333333,0.016666667,1,f,18,49,10,3
kb004,4,ObjDiff,cup,right,NA,NA,0,0,0,f,18,49,10,3
kb004,5,ObjDiff,shoe,left,NA,NA,0.766666667,0.233333333,1,f,18,49,10,3
kb004,6,Mis,shoe,right,NA,NA,0,0,0,f,18,49,10,3
kb004,7,Mis,cup,right,NA,NA,0,0,0,f,18,49,10,3
kb004,8,ObjAbs,shoe,left,NA,NA,0,1,0,f,18,49,10,3
kb004,9,Match,shoe,right,NA,NA,0.133333333,0.133333333,0,f,18,49,10,3
kb004,10,Match,cup,left,NA,NA,0,1,0,f,18,49,10,3
kb004,11,ObjAbs,cup,right,NA,NA,1,1,1,f,18,49,10,3
kb004,12,ObjDiff,cup,left,NA,NA,0,1,0,f,18,49,10,3
kb004,13,ObjDiff,shoe,right,NA,NA,0.716666667,0.716666667,1,f,18,49,10,3
kb004,14,Mis,shoe,left,NA,NA,0.033333333,0.966666667,0,f,18,49,10,3
kb004,15,Mis,cup,left,NA,NA,0.716666667,0.283333333,1,f,18,49,10,3
kb004,16,ObjAbs,shoe,right,NA,NA,0.583333333,0.583333333,1,f,18,49,10,3
kb005,1,Match,shoe,left,0,1,1,0,1,m,19,58,21,4
kb005,2,Match,cup,left,0,1,1,0,1,m,19,58,21,4
kb005,3,Mis,cup,right,NA,NA,0.883333333,0.883333333,1,m,19,58,21,4
kb005,4,ObjDiff,cup,right,1,1,0.333333333,0.333333333,0,m,19,58,21,4
kb005,5,Mis,shoe,right,NA,NA,1,1,1,m,19,58,21,4
kb005,6,ObjAbs,shoe,left,NA,NA,0.25,0.75,0,m,19,58,21,4
kb005,7,ObjAbs,cup,right,NA,NA,1,1,1,m,19,58,21,4
kb005,8,ObjDiff,shoe,left,NA,NA,0.533333333,0.466666667,1,m,19,58,21,4
kb005,9,Match,shoe,right,NA,NA,0.266666667,0.266666667,0,m,19,58,21,4
kb005,10,Match,cup,right,NA,NA,0,0,0,m,19,58,21,4
kb005,11,Mis,cup,left,0,1,1,0,1,m,19,58,21,4
kb005,12,ObjDiff,cup,left,NA,NA,0,1,0,m,19,58,21,4
kb005,13,Mis,shoe,left,0,1,1,0,1,m,19,58,21,4
kb005,14,ObjAbs,shoe,right,NA,NA,0.4,0.4,0,m,19,58,21,4
kb005,15,ObjAbs,cup,left,NA,NA,0.4,0.6,0,m,19,58,21,4
kb005,16,ObjDiff,shoe,right,NA,NA,0.166666667,0.166666667,0,m,19,58,21,4
st001,1,Match,cup,right,NA,NA,0,0,0,f,19,64,17,2
st001,2,Match,shoe,right,NA,NA,1,1,1,f,19,64,17,2
st001,3,ObjAbs,cup,left,NA,NA,1,0,1,f,19,64,17,2
st001,4,ObjAbs,shoe,left,NA,NA,0,1,0,f,19,64,17,2
st001,5,Mis,shoe,right,NA,NA,0,0,0,f,19,64,17,2
st001,6,ObjDiff,shoe,right,NA,NA,0,0,0,f,19,64,17,2
st001,7,Mis,cup,left,NA,NA,1,0,1,f,19,64,17,2
st001,8,ObjDiff,cup,left,NA,NA,1,0,1,f,19,64,17,2
st001,9,Match,cup,left,NA,NA,1,0,1,f,19,64,17,2
st001,10,Match,shoe,left,NA,NA,1,0,1,f,19,64,17,2
st001,11,ObjAbs,cup,right,NA,NA,0,0,0,f,19,64,17,2
st001,12,ObjAbs,shoe,right,NA,NA,NA,NA,NA,f,19,64,17,2
st001,13,Mis,shoe,left,NA,NA,0.64,0.36,1,f,19,64,17,2
st001,14,ObjDiff,shoe,left,NA,NA,0.85,0.15,1,f,19,64,17,2
st001,15,Mis,cup,right,NA,NA,0.3,0.3,0,f,19,64,17,2
st001,16,ObjDiff,cup,right,NA,NA,0.85,0.85,1,f,19,64,17,2
st003,1,Match,cup,left,NA,NA,1,0,1,f,18,36,10,0
st003,2,Match,shoe,right,NA,NA,0.633333333,0.633333333,1,f,18,36,10,0
st003,3,ObjDiff,shoe,right,NA,NA,1,1,1,f,18,36,10,0
st003,4,Mis,shoe,left,NA,NA,0.916666667,0.083333333,1,f,18,36,10,0
st003,5,ObjAbs,shoe,left,NA,NA,0.866666667,0.133333333,1,f,18,36,10,0
st003,6,ObjDiff,cup,right,NA,NA,0.116666667,0.116666667,0,f,18,36,10,0
st003,7,ObjAbs,cup,left,NA,NA,0.566666667,0.433333333,1,f,18,36,10,0
st003,8,Mis,cup,right,NA,NA,0,0,0,f,18,36,10,0
st003,9,Match,cup,right,NA,NA,0,0,0,f,18,36,10,0
st003,10,Match,shoe,left,NA,NA,0.766666667,0.233333333,1,f,18,36,10,0
st003,11,ObjDiff,shoe,left,NA,NA,0.416666667,0.583333333,0,f,18,36,10,0
st003,12,Mis,shoe,right,NA,NA,0.716666667,0.716666667,1,f,18,36,10,0
st003,13,ObjAbs,shoe,right,NA,NA,0,0,0,f,18,36,10,0
st003,14,ObjDiff,cup,left,0,1,0.416666667,0.583333333,0,f,18,36,10,0
st003,15,ObjAbs,cup,right,0,0,0.333333333,0.333333333,0,f,18,36,10,0
st003,16,Mis,cup,left,1,0,0,1,0,f,18,36,10,0
sm005,1,Match,cup,left,NA,NA,0.983333333,0.016666667,1,m,23,65,11,4
sm005,2,Match,shoe,right,NA,NA,0.916666667,0.916666667,1,m,23,65,11,4
sm005,3,Mis,shoe,left,NA,NA,0.833333333,0.166666667,1,m,23,65,11,4
sm005,4,ObjDiff,cup,left,NA,NA,1,0,1,m,23,65,11,4
sm005,5,Mis,cup,right,NA,NA,0.783333333,0.783333333,1,m,23,65,11,4
sm005,6,ObjAbs,shoe,right,NA,NA,0,0,0,m,23,65,11,4
sm005,7,ObjAbs,cup,right,NA,NA,0.85,0.85,1,m,23,65,11,4
sm005,8,ObjDiff,shoe,left,NA,NA,0.866666667,0.133333333,1,m,23,65,11,4
sm005,9,Match,cup,right,NA,NA,0.97826087,0.97826087,1,m,23,65,11,4
sm005,10,Match,shoe,left,NA,NA,1,0,1,m,23,65,11,4
sm005,11,Mis,shoe,right,NA,NA,0,0,0,m,23,65,11,4
sm005,12,ObjDiff,cup,right,NA,NA,0,0,0,m,23,65,11,4
sm005,13,Mis,cup,left,NA,NA,0.266666667,0.733333333,0,m,23,65,11,4
sm005,14,ObjAbs,shoe,left,NA,NA,0.333333333,0.666666667,0,m,23,65,11,4
sm005,15,ObjAbs,cup,left,NA,NA,0.226415094,0.773584906,0,m,23,65,11,4
sm005,16,ObjDiff,shoe,right,NA,NA,0.483333333,0.483333333,0,m,23,65,11,4
mn006,1,Match,shoe,left,NA,NA,0,1,0,f,19,119,59,2
mn006,2,Match,cup,right,NA,NA,1,1,1,f,19,119,59,2
mn006,3,ObjAbs,cup,right,NA,NA,0.533333333,0.533333333,1,f,19,119,59,2
mn006,4,ObjDiff,shoe,left,NA,NA,1,0,1,f,19,119,59,2
mn006,5,ObjAbs,shoe,right,NA,NA,0.016666667,0.016666667,0,f,19,119,59,2
mn006,6,ObjDiff,cup,left,NA,NA,1,0,1,f,19,119,59,2
mn006,7,Mis,cup,left,NA,NA,1,0,1,f,19,119,59,2
mn006,8,Mis,shoe,right,NA,NA,0,0,0,f,19,119,59,2
mn006,9,Match,shoe,right,NA,NA,0.033333333,0.033333333,0,f,19,119,59,2
mn006,10,Match,cup,left,NA,NA,1,0,1,f,19,119,59,2
mn006,11,ObjAbs,cup,left,NA,NA,0.916666667,0.083333333,1,f,19,119,59,2
mn006,12,ObjDiff,shoe,right,NA,NA,0.8,0.8,1,f,19,119,59,2
mn006,13,ObjAbs,shoe,left,NA,NA,1,0,1,f,19,119,59,2
mn006,14,ObjDiff,cup,right,NA,NA,0,0,0,f,19,119,59,2
mn006,15,Mis,cup,right,NA,NA,1,1,1,f,19,119,59,2
mn006,16,Mis,shoe,left,NA,NA,1,0,1,f,19,119,59,2
mn011,1,Match,cup,right,NA,NA,0.98,0.98,1,m,18,31,8,0
mn011,2,Match,shoe,left,NA,NA,1,0,1,m,18,31,8,0
mn011,3,ObjAbs,cup,right,NA,NA,0.066666667,0.066666667,0,m,18,31,8,0
mn011,4,ObjDiff,shoe,left,NA,NA,0.666666667,0.333333333,1,m,18,31,8,0
mn011,5,ObjAbs,shoe,left,NA,NA,0.95,0.05,1,m,18,31,8,0
mn011,6,ObjDiff,cup,right,NA,NA,0.25,0.25,0,m,18,31,8,0
mn011,7,Mis,shoe,left,NA,NA,0.466666667,0.533333333,0,m,18,31,8,0
mn011,8,Mis,cup,right,NA,NA,0.366666667,0.366666667,0,m,18,31,8,0
mn011,9,Match,cup,left,NA,NA,0.983333333,0.016666667,1,m,18,31,8,0
mn011,10,Match,shoe,right,NA,NA,1,1,1,m,18,31,8,0
mn011,11,ObjAbs,cup,left,NA,NA,0.739130435,0.260869565,1,m,18,31,8,0
mn011,12,ObjDiff,shoe,right,NA,NA,0.833333333,0.833333333,1,m,18,31,8,0
mn011,13,ObjAbs,shoe,right,NA,NA,0.15,0.15,0,m,18,31,8,0
mn011,14,ObjDiff,cup,left,NA,NA,0.483333333,0.516666667,0,m,18,31,8,0
mn011,15,Mis,shoe,right,NA,NA,0.6,0.6,1,m,18,31,8,0
mn011,16,Mis,cup,left,NA,NA,1,0,1,m,18,31,8,0
mm002,1,Match,cup,right,NA,NA,0.716666667,0.716666667,1,m,19,34,8,0
mm002,2,Match,shoe,right,NA,NA,1,1,1,m,19,34,8,0
mm002,3,ObjDiff,shoe,left,NA,NA,0,1,0,m,19,34,8,0
mm002,4,Mis,cup,left,1,0,0.216666667,0.783333333,0,m,19,34,8,0
mm002,5,ObjAbs,shoe,right,1,1,1,1,1,m,19,34,8,0
mm002,6,ObjAbs,cup,left,NA,NA,0.7,0.3,1,m,19,34,8,0
mm002,7,Mis,shoe,left,NA,NA,1,0,1,m,19,34,8,0
mm002,8,ObjDiff,cup,right,NA,NA,0.866666667,0.866666667,1,m,19,34,8,0
mm002,9,Match,cup,left,NA,NA,0,1,0,m,19,34,8,0
mm002,10,Match,shoe,left,NA,NA,1,0,1,m,19,34,8,0
mm002,11,ObjDiff,shoe,right,NA,NA,0.45,0.45,0,m,19,34,8,0
mm002,12,Mis,cup,right,NA,NA,0.966666667,0.966666667,1,m,19,34,8,0
mm002,13,ObjAbs,shoe,left,1,0,0.024390244,0.975609756,0,m,19,34,8,0
mm002,14,ObjAbs,cup,right,NA,NA,0.033333333,0.033333333,0,m,19,34,8,0
mm002,15,Mis,shoe,right,NA,NA,1,1,1,m,19,34,8,0
mm002,16,ObjDiff,cup,left,NA,NA,0,1,0,m,19,34,8,0
st004,1,Match,cup,right,NA,NA,0,0,0,f,18,12,2,0
st004,2,Match,shoe,right,NA,NA,1,1,1,f,18,12,2,0
st004,3,ObjDiff,shoe,left,NA,NA,1,0,1,f,18,12,2,0
st004,4,ObjAbs,cup,left,NA,NA,1,0,1,f,18,12,2,0
st004,5,Mis,cup,right,NA,NA,0.666666667,0.666666667,1,f,18,12,2,0
st004,6,ObjDiff,cup,right,NA,NA,0.333333333,0.333333333,0,f,18,12,2,0
st004,7,ObjAbs,shoe,left,NA,NA,0,1,0,f,18,12,2,0
st004,8,Mis,shoe,left,NA,NA,0,1,0,f,18,12,2,0
st004,9,Match,cup,left,NA,NA,0,1,0,f,18,12,2,0
st004,10,Match,shoe,left,NA,NA,0.883333333,0.116666667,1,f,18,12,2,0
st004,11,ObjDiff,shoe,right,NA,NA,0.833333333,0.833333333,1,f,18,12,2,0
st004,12,ObjAbs,cup,right,NA,NA,0.133333333,0.133333333,0,f,18,12,2,0
st004,13,Mis,cup,left,1,0,0,1,0,f,18,12,2,0
st004,14,ObjDiff,cup,left,1,0,0.216666667,0.783333333,0,f,18,12,2,0
st004,15,ObjAbs,shoe,right,1,1,0,0,0,f,18,12,2,0
st004,16,Mis,shoe,right,1,1,1,1,1,f,18,12,2,0
mn005,1,Match,shoe,left,1,0,0.2,0.8,0,m,20,89,48,0
mn005,2,Match,cup,right,1,1,0.166666667,0.166666667,0,m,20,89,48,0
mn005,3,ObjDiff,shoe,left,1,0,0.15,0.85,0,m,20,89,48,0
mn005,4,ObjAbs,shoe,right,NA,NA,0.295454545,0.295454545,0,m,20,89,48,0
mn005,5,ObjDiff,cup,left,NA,NA,0.216666667,0.783333333,0,m,20,89,48,0
mn005,6,Mis,shoe,right,NA,NA,0.416666667,0.416666667,0,m,20,89,48,0
mn005,7,Mis,cup,left,NA,NA,1,0,1,m,20,89,48,0
mn005,8,ObjAbs,cup,right,NA,NA,0.016666667,0.016666667,0,m,20,89,48,0
mn005,9,Match,shoe,right,NA,NA,0,0,0,m,20,89,48,0
mn005,10,Match,cup,left,NA,NA,1,0,1,m,20,89,48,0
mn005,11,ObjDiff,shoe,right,NA,NA,0,0,0,m,20,89,48,0
mn005,12,ObjAbs,shoe,left,NA,NA,0.983333333,0.016666667,1,m,20,89,48,0
mn005,13,ObjDiff,cup,right,0,0,0,0,0,m,20,89,48,0
mn005,14,Mis,shoe,left,NA,NA,0.366666667,0.633333333,0,m,20,89,48,0
mn005,15,Mis,cup,right,1,1,0.85,0.85,1,m,20,89,48,0
mn005,16,ObjAbs,cup,left,NA,NA,0.983333333,0.016666667,1,m,20,89,48,0
mk001,1,Match,shoe,left,NA,NA,0.566666667,0.433333333,1,m,22,49,6,0
mk001,2,Match,cup,right,NA,NA,0.666666667,0.666666667,1,m,22,49,6,0
mk001,3,Mis,cup,right,1,1,0.766666667,0.766666667,1,m,22,49,6,0
mk001,4,Mis,shoe,right,NA,NA,0.183333333,0.183333333,0,m,22,49,6,0
mk001,5,ObjAbs,shoe,left,1,0,0,1,0,m,22,49,6,0
mk001,6,ObjAbs,cup,left,1,0,0.166666667,0.833333333,0,m,22,49,6,0
mk001,7,ObjDiff,cup,left,1,0,0.05,0.95,0,m,22,49,6,0
mk001,8,ObjDiff,shoe,right,1,1,0.283333333,0.283333333,0,m,22,49,6,0
mk001,9,Match,shoe,right,NA,NA,0.05,0.05,0,m,22,49,6,0
mk001,10,Match,cup,left,NA,NA,0.95,0.05,1,m,22,49,6,0
mk001,11,Mis,cup,left,1,0,0.233333333,0.766666667,0,m,22,49,6,0
mk001,12,Mis,shoe,left,NA,NA,0.416666667,0.583333333,0,m,22,49,6,0
mk001,13,ObjAbs,shoe,right,NA,NA,0.1,0.1,0,m,22,49,6,0
mk001,14,ObjAbs,cup,right,NA,NA,0,0,0,m,22,49,6,0
mk001,15,ObjDiff,cup,right,NA,NA,0.672413793,0.672413793,1,m,22,49,6,0
mk001,16,ObjDiff,shoe,left,NA,NA,1,0,1,m,22,49,6,0
as002,1,Match,cup,right,NA,NA,0.666666667,0.666666667,1,f,21,155,65,15
as002,2,Match,shoe,left,0,1,0.683333333,0.316666667,1,f,21,155,65,15
as002,3,ObjDiff,cup,right,NA,NA,0.333333333,0.333333333,0,f,21,155,65,15
as002,4,Mis,cup,left,NA,NA,1,0,1,f,21,155,65,15
as002,5,ObjAbs,cup,right,NA,NA,0.033333333,0.033333333,0,f,21,155,65,15
as002,6,ObjDiff,shoe,left,NA,NA,0.05,0.95,0,f,21,155,65,15
as002,7,Mis,shoe,right,NA,NA,0.55,0.55,1,f,21,155,65,15
as002,8,ObjAbs,shoe,left,NA,NA,0,1,0,f,21,155,65,15
as002,9,Match,cup,left,0,1,1,0,1,f,21,155,65,15
as002,10,Match,shoe,right,1,1,0,0,0,f,21,155,65,15
as002,11,ObjDiff,cup,left,0,1,0.983333333,0.016666667,1,f,21,155,65,15
as002,12,Mis,cup,right,1,1,0.85,0.85,1,f,21,155,65,15
as002,13,ObjAbs,cup,left,NA,NA,0.816666667,0.183333333,1,f,21,155,65,15
as002,14,ObjDiff,shoe,right,0,0,0,0,0,f,21,155,65,15
as002,15,Mis,shoe,left,NA,NA,1,0,1,f,21,155,65,15
as002,16,ObjAbs,shoe,right,0,0,0.05,0.05,0,f,21,155,65,15
as003,1,Match,shoe,left,NA,NA,1,0,1,f,20,73,28,1
as003,2,Match,cup,left,0,1,1,0,1,f,20,73,28,1
as003,3,ObjAbs,shoe,left,0,1,0.05,0.95,0,f,20,73,28,1
as003,4,ObjDiff,shoe,right,1,1,1,1,1,f,20,73,28,1
as003,5,ObjAbs,cup,right,0,0,1,1,1,f,20,73,28,1
as003,6,Mis,cup,right,1,1,1,1,1,f,20,73,28,1
as003,7,ObjDiff,cup,left,1,0,0,1,0,f,20,73,28,1
as003,8,Mis,shoe,right,1,1,1,1,1,f,20,73,28,1
as003,9,Match,shoe,right,1,1,1,1,1,f,20,73,28,1
as003,10,Match,cup,right,1,1,1,1,1,f,20,73,28,1
as003,11,ObjAbs,shoe,right,NA,NA,1,1,1,f,20,73,28,1
as003,12,ObjDiff,shoe,left,NA,NA,0,1,0,f,20,73,28,1
as003,13,ObjAbs,cup,left,NA,NA,0,1,0,f,20,73,28,1
as003,14,Mis,cup,left,NA,NA,1,0,1,f,20,73,28,1
as003,15,ObjDiff,cup,right,NA,NA,0.183333333,0.183333333,0,f,20,73,28,1
as003,16,Mis,shoe,left,NA,NA,0.05,0.95,0,f,20,73,28,1
hs006,1,Match,shoe,right,1,1,0,0,0,m,18,73,16,8
hs006,2,Match,cup,right,1,1,0.916666667,0.916666667,1,m,18,73,16,8
hs006,3,Mis,cup,left,NA,NA,0,1,0,m,18,73,16,8
hs006,4,ObjDiff,cup,left,1,0,0,1,0,m,18,73,16,8
hs006,5,ObjAbs,cup,left,NA,NA,0.285714286,0.714285714,0,m,18,73,16,8
hs006,6,ObjAbs,shoe,right,NA,NA,0.333333333,0.333333333,0,m,18,73,16,8
hs006,7,Mis,shoe,right,NA,NA,0,0,0,m,18,73,16,8
hs006,8,ObjDiff,shoe,left,NA,NA,0.633333333,0.366666667,1,m,18,73,16,8
hs006,9,Match,shoe,left,0,1,0.178571429,0.821428571,0,m,18,73,16,8
hs006,10,Match,cup,left,1,0,0.516129032,0.483870968,1,m,18,73,16,8
hs006,11,Mis,cup,right,1,1,1,1,1,m,18,73,16,8
hs006,12,ObjDiff,cup,right,1,1,1,1,1,m,18,73,16,8
hs006,13,ObjAbs,cup,right,1,1,1,1,1,m,18,73,16,8
hs006,14,ObjAbs,shoe,left,0,1,0.866666667,0.133333333,1,m,18,73,16,8
hs006,15,Mis,shoe,left,1,0,0.25,0.75,0,m,18,73,16,8
hs006,16,ObjDiff,shoe,right,1,1,1,1,1,m,18,73,16,8
sk001,1,Match,shoe,right,NA,NA,1,1,1,f,18,9,1,0
sk001,2,Match,cup,right,NA,NA,1,1,1,f,18,9,1,0
sk001,3,ObjAbs,cup,right,1,1,0.416666667,0.416666667,0,f,18,9,1,0
sk001,4,Mis,shoe,left,NA,NA,0.666666667,0.333333333,1,f,18,9,1,0
sk001,5,ObjDiff,shoe,left,0,1,1,0,1,f,18,9,1,0
sk001,6,ObjDiff,cup,left,1,0,0,1,0,f,18,9,1,0
sk001,7,ObjAbs,shoe,right,1,1,0,0,0,f,18,9,1,0
sk001,8,Mis,cup,left,1,0,0.716666667,0.283333333,1,f,18,9,1,0
sk001,9,Match,shoe,left,0,1,1,0,1,f,18,9,1,0
sk001,10,Match,cup,left,1,0,0,1,0,f,18,9,1,0
sk001,11,ObjAbs,cup,left,NA,NA,0.647058824,0.352941176,1,f,18,9,1,0
sk001,12,Mis,shoe,right,0,0,1,1,1,f,18,9,1,0
sk001,13,ObjDiff,shoe,right,1,1,0.033333333,0.033333333,0,f,18,9,1,0
sk001,14,ObjDiff,cup,right,1,1,0.916666667,0.916666667,1,f,18,9,1,0
sk001,15,ObjAbs,shoe,left,NA,NA,0.05,0.95,0,f,18,9,1,0
sk001,16,Mis,cup,right,1,1,1,1,1,f,18,9,1,0
hs003,1,Match,shoe,left,0,1,1,0,1,m,21,178,65,15
hs003,2,Match,cup,left,0,1,0.283333333,0.716666667,0,m,21,178,65,15
hs003,3,ObjDiff,cup,right,1,1,1,1,1,m,21,178,65,15
hs003,4,Mis,cup,right,0,0,0.7,0.7,1,m,21,178,65,15
hs003,5,ObjAbs,shoe,left,1,0,0.616666667,0.383333333,1,m,21,178,65,15
hs003,6,Mis,shoe,right,1,1,0.85,0.85,1,m,21,178,65,15
hs003,7,ObjDiff,shoe,left,NA,NA,0.066666667,0.933333333,0,m,21,178,65,15
hs003,8,ObjAbs,cup,right,0,0,0.066666667,0.066666667,0,m,21,178,65,15
hs003,9,Match,shoe,right,1,1,0.216666667,0.216666667,0,m,21,178,65,15
hs003,10,Match,cup,right,1,1,1,1,1,m,21,178,65,15
hs003,11,ObjDiff,cup,left,1,0,0,1,0,m,21,178,65,15
hs003,12,Mis,cup,left,0,1,0.533333333,0.466666667,1,m,21,178,65,15
hs003,13,ObjAbs,shoe,right,NA,NA,0.033333333,0.033333333,0,m,21,178,65,15
hs003,14,Mis,shoe,left,NA,NA,0.95,0.05,1,m,21,178,65,15
hs003,15,ObjDiff,shoe,right,0,0,1,1,1,m,21,178,65,15
hs003,16,ObjAbs,cup,left,0,1,0.766666667,0.233333333,1,m,21,178,65,15
as001,1,Match,cup,left,0,1,1,0,1,f,22,183,72,19
as001,2,Match,shoe,right,1,1,0.866666667,0.866666667,1,f,22,183,72,19
as001,3,ObjDiff,cup,right,NA,NA,0.45,0.45,0,f,22,183,72,19
as001,4,Mis,shoe,right,1,1,0.983333333,0.983333333,1,f,22,183,72,19
as001,5,Mis,cup,right,1,1,1,1,1,f,22,183,72,19
as001,6,ObjAbs,cup,left,1,0,0.15,0.85,0,f,22,183,72,19
as001,7,ObjAbs,shoe,left,1,0,0,1,0,f,22,183,72,19
as001,8,ObjDiff,shoe,left,0,1,0.933333333,0.066666667,1,f,22,183,72,19
as001,9,Match,cup,right,1,1,0.85,0.85,1,f,22,183,72,19
as001,10,Match,shoe,left,0,1,0,1,0,f,22,183,72,19
as001,11,ObjDiff,cup,left,1,0,0.316666667,0.683333333,0,f,22,183,72,19
as001,12,Mis,shoe,left,1,0,0.016666667,0.983333333,0,f,22,183,72,19
as001,13,Mis,cup,left,0,1,0.966666667,0.033333333,1,f,22,183,72,19
as001,14,ObjAbs,cup,right,NA,NA,0.366666667,0.366666667,0,f,22,183,72,19
as001,15,ObjAbs,shoe,right,NA,NA,0.116666667,0.116666667,0,f,22,183,72,19
as001,16,ObjDiff,shoe,right,0,0,0.983333333,0.983333333,1,f,22,183,72,19
hn010,1,Match,cup,right,0,0,0.258064516,0.258064516,0,m,19,25,1,0
hn010,2,Match,shoe,left,NA,NA,0.283333333,0.716666667,0,m,19,25,1,0
hn010,3,ObjAbs,shoe,left,NA,NA,0,1,0,m,19,25,1,0
hn010,4,ObjDiff,shoe,left,0,1,0.133333333,0.866666667,0,m,19,25,1,0
hn010,5,ObjAbs,cup,right,0,0,0.016666667,0.016666667,0,m,19,25,1,0
hn010,6,Mis,shoe,right,1,1,0.85,0.85,1,m,19,25,1,0
hn010,7,ObjDiff,cup,right,1,1,1,1,1,m,19,25,1,0
hn010,8,Mis,cup,left,0,1,0.716666667,0.283333333,1,m,19,25,1,0
hn010,9,Match,cup,left,1,0,0,1,0,m,19,25,1,0
hn010,10,Match,shoe,right,1,1,0.983333333,0.983333333,1,m,19,25,1,0
hn010,11,ObjAbs,shoe,right,1,1,0.933333333,0.933333333,1,m,19,25,1,0
hn010,12,ObjDiff,shoe,right,1,1,1,1,1,m,19,25,1,0
hn010,13,ObjAbs,cup,left,1,0,0.963636364,0.036363636,1,m,19,25,1,0
hn010,14,Mis,shoe,left,NA,NA,1,0,1,m,19,25,1,0
hn010,15,ObjDiff,cup,left,0,1,0.883333333,0.116666667,1,m,19,25,1,0
hn010,16,Mis,cup,right,1,1,1,1,1,m,19,25,1,0
mn004,1,Match,shoe,right,0,0,0.266666667,0.266666667,0,f,20,76,19,0
mn004,2,Match,cup,left,NA,NA,1,0,1,f,20,76,19,0
mn004,3,Mis,shoe,left,0,1,0.583333333,0.416666667,1,f,20,76,19,0
mn004,4,ObjDiff,shoe,right,1,1,0.8,0.8,1,f,20,76,19,0
mn004,5,ObjAbs,shoe,left,1,0,0.683333333,0.316666667,1,f,20,76,19,0
mn004,6,ObjAbs,cup,right,0,0,0,0,0,f,20,76,19,0
mn004,7,ObjDiff,cup,left,0,1,1,0,1,f,20,76,19,0
mn004,8,Mis,cup,right,0,0,0,0,0,f,20,76,19,0
mn004,9,Match,shoe,left,NA,NA,1,0,1,f,20,76,19,0
mn004,10,Match,cup,right,0,0,1,1,1,f,20,76,19,0
mn004,11,Mis,shoe,right,NA,NA,0.733333333,0.733333333,1,f,20,76,19,0
mn004,12,ObjDiff,shoe,left,1,0,0.266666667,0.733333333,0,f,20,76,19,0
mn004,13,ObjAbs,shoe,right,0,0,0.033333333,0.033333333,0,f,20,76,19,0
mn004,14,ObjAbs,cup,left,0,1,1,0,1,f,20,76,19,0
mn004,15,ObjDiff,cup,right,1,1,0.883333333,0.883333333,1,f,20,76,19,0
mn004,16,Mis,cup,left,0,1,0.95,0.05,1,f,20,76,19,0
kd003,1,Match,shoe,right,1,1,0.820512821,0.820512821,1,f,22,100,38,0
kd003,2,Match,cup,left,0,1,0.16,0.84,0,f,22,100,38,0
kd003,3,ObjDiff,cup,left,0,1,0.590909091,0.409090909,1,f,22,100,38,0
kd003,4,ObjDiff,shoe,right,1,1,0.761904762,0.761904762,1,f,22,100,38,0
kd003,5,ObjAbs,shoe,right,NA,NA,0.533333333,0.533333333,1,f,22,100,38,0
kd003,6,Mis,cup,left,0,1,0.785714286,0.214285714,1,f,22,100,38,0
kd003,7,Mis,shoe,right,0,0,0.142857143,0.142857143,0,f,22,100,38,0
kd003,8,ObjAbs,cup,left,0,1,0.217391304,0.782608696,0,f,22,100,38,0
kd003,9,Match,shoe,left,0,1,0.363636364,0.636363636,0,f,22,100,38,0
kd003,10,Match,cup,right,1,1,1,1,1,f,22,100,38,0
kd003,11,ObjDiff,cup,right,1,1,0.342105263,0.342105263,0,f,22,100,38,0
kd003,12,ObjDiff,shoe,left,0,1,0.638888889,0.361111111,1,f,22,100,38,0
kd003,13,ObjAbs,shoe,left,0,1,0.695652174,0.304347826,1,f,22,100,38,0
kd003,14,Mis,cup,right,1,1,1,1,1,f,22,100,38,0
kd003,15,Mis,shoe,left,0,1,0.48,0.52,0,f,22,100,38,0
kd003,16,ObjAbs,cup,right,NA,NA,0,0,0,f,22,100,38,0
hn003,1,Match,shoe,left,0,1,1,0,1,f,23,158,79,5
hn003,2,Match,cup,left,0,1,1,0,1,f,23,158,79,5
hn003,3,Mis,cup,right,1,1,0.966666667,0.966666667,1,f,23,158,79,5
hn003,4,Mis,shoe,left,0,1,0.833333333,0.166666667,1,f,23,158,79,5
hn003,5,ObjDiff,cup,right,0,0,0.05,0.05,0,f,23,158,79,5
hn003,6,ObjDiff,shoe,right,1,1,1,1,1,f,23,158,79,5
hn003,7,ObjAbs,shoe,right,0,0,0.033333333,0.033333333,0,f,23,158,79,5
hn003,8,ObjAbs,cup,left,0,1,1,0,1,f,23,158,79,5
hn003,9,Match,shoe,right,1,1,1,1,1,f,23,158,79,5
hn003,10,Match,cup,right,1,1,0.716666667,0.716666667,1,f,23,158,79,5
hn003,11,Mis,cup,left,1,0,0.633333333,0.366666667,1,f,23,158,79,5
hn003,12,Mis,shoe,right,0,0,0,0,0,f,23,158,79,5
hn003,13,ObjDiff,cup,left,0,1,1,0,1,f,23,158,79,5
hn003,14,ObjDiff,shoe,left,0,1,0.974358974,0.025641026,1,f,23,158,79,5
hn003,15,ObjAbs,shoe,left,0,1,1,0,1,f,23,158,79,5
hn003,16,ObjAbs,cup,right,0,0,0,0,0,f,23,158,79,5
hn004,1,Match,cup,left,1,0,0.366666667,0.633333333,0,f,23,58,10,0
hn004,2,Match,shoe,right,1,1,1,1,1,f,23,58,10,0
hn004,3,ObjAbs,shoe,left,1,0,0,1,0,f,23,58,10,0
hn004,4,ObjAbs,cup,left,1,0,0.033333333,0.966666667,0,f,23,58,10,0
hn004,5,ObjDiff,cup,right,0,0,0,0,0,f,23,58,10,0
hn004,6,ObjDiff,shoe,left,0,1,0.1,0.9,0,f,23,58,10,0
hn004,7,Mis,cup,right,0,0,0,0,0,f,23,58,10,0
hn004,8,Mis,shoe,right,1,1,0.966666667,0.966666667,1,f,23,58,10,0
hn004,9,Match,cup,right,1,1,1,1,1,f,23,58,10,0
hn004,10,Match,shoe,left,1,0,0,1,0,f,23,58,10,0
hn004,11,ObjAbs,shoe,right,1,1,1,1,1,f,23,58,10,0
hn004,12,ObjAbs,cup,right,1,1,1,1,1,f,23,58,10,0
hn004,13,ObjDiff,cup,left,1,0,0.016666667,0.983333333,0,f,23,58,10,0
hn004,14,ObjDiff,shoe,right,1,1,0.866666667,0.866666667,1,f,23,58,10,0
hn004,15,Mis,cup,left,1,0,0,1,0,f,23,58,10,0
hn004,16,Mis,shoe,left,1,0,0,1,0,f,23,58,10,0
mk002,1,Match,shoe,left,NA,NA,0.15,0.85,0,f,20,53,13,0
mk002,2,Match,cup,left,NA,NA,0.233333333,0.766666667,0,f,20,53,13,0
mk002,3,ObjDiff,cup,right,NA,NA,0.465116279,0.465116279,0,f,20,53,13,0
mk002,4,ObjAbs,cup,right,1,1,0.516666667,0.516666667,1,f,20,53,13,0
mk002,5,ObjAbs,shoe,left,1,0,0,1,0,f,20,53,13,0
mk002,6,Mis,cup,left,1,0,0.4,0.6,0,f,20,53,13,0
mk002,7,Mis,shoe,right,1,1,0.733333333,0.733333333,1,f,20,53,13,0
mk002,8,ObjDiff,shoe,right,1,1,0.8,0.8,1,f,20,53,13,0
mk002,9,Match,shoe,right,1,1,1,1,1,f,20,53,13,0
mk002,10,Match,cup,right,1,1,0.783333333,0.783333333,1,f,20,53,13,0
mk002,11,ObjDiff,cup,left,1,0,0,1,0,f,20,53,13,0
mk002,12,ObjAbs,cup,left,1,0,0,1,0,f,20,53,13,0
mk002,13,ObjAbs,shoe,right,1,1,1,1,1,f,20,53,13,0
mk002,14,Mis,cup,right,NA,NA,1,1,1,f,20,53,13,0
mk002,15,Mis,shoe,left,1,0,0.816666667,0.183333333,1,f,20,53,13,0
mk002,16,ObjDiff,shoe,left,1,0,0.016666667,0.983333333,0,f,20,53,13,0
sm004,1,Match,shoe,right,1,1,0,0,0,m,20,23,5,0
sm004,2,Match,cup,left,0,1,0.649122807,0.350877193,1,m,20,23,5,0
sm004,3,ObjAbs,shoe,right,NA,NA,0.883333333,0.883333333,1,m,20,23,5,0
sm004,4,Mis,cup,left,NA,NA,0,1,0,m,20,23,5,0
sm004,5,ObjDiff,cup,left,1,0,0.316666667,0.683333333,0,m,20,23,5,0
sm004,6,Mis,shoe,left,1,0,0.3,0.7,0,m,20,23,5,0
sm004,7,ObjAbs,cup,right,NA,NA,0.75,0.75,1,m,20,23,5,0
sm004,8,ObjDiff,shoe,right,1,1,1,1,1,m,20,23,5,0
sm004,9,Match,shoe,left,NA,NA,0.883333333,0.116666667,1,m,20,23,5,0
sm004,10,Match,cup,right,1,1,1,1,1,m,20,23,5,0
sm004,11,ObjAbs,shoe,left,1,0,0,1,0,m,20,23,5,0
sm004,12,Mis,cup,right,1,1,1,1,1,m,20,23,5,0
sm004,13,ObjDiff,cup,right,1,1,1,1,1,m,20,23,5,0
sm004,14,Mis,shoe,right,1,1,1,1,1,m,20,23,5,0
sm004,15,ObjAbs,cup,left,1,0,0,1,0,m,20,23,5,0
sm004,16,ObjDiff,shoe,left,1,0,0,1,0,m,20,23,5,0
kd001,1,Match,cup,left,NA,NA,0.283333333,0.716666667,0,m,20,33,3,1
kd001,2,Match,shoe,right,NA,NA,1,1,1,m,20,33,3,1
kd001,3,ObjDiff,cup,right,NA,NA,1,1,1,m,20,33,3,1
kd001,4,Mis,cup,left,NA,NA,0.366666667,0.633333333,0,m,20,33,3,1
kd001,5,ObjDiff,shoe,right,NA,NA,1,1,1,m,20,33,3,1
kd001,6,Mis,shoe,right,1,1,1,1,1,m,20,33,3,1
kd001,7,ObjAbs,shoe,left,NA,NA,0,1,0,m,20,33,3,1
kd001,8,ObjAbs,cup,left,1,0,0.3,0.7,0,m,20,33,3,1
kd001,9,Match,cup,right,NA,NA,0.933333333,0.933333333,1,m,20,33,3,1
kd001,10,Match,shoe,left,NA,NA,0.683333333,0.316666667,1,m,20,33,3,1
kd001,11,ObjDiff,cup,left,1,0,0.066666667,0.933333333,0,m,20,33,3,1
kd001,12,Mis,cup,right,1,1,1,1,1,m,20,33,3,1
kd001,13,ObjDiff,shoe,left,1,0,0.05,0.95,0,m,20,33,3,1
kd001,14,Mis,shoe,left,1,0,0,1,0,m,20,33,3,1
kd001,15,ObjAbs,shoe,right,1,1,1,1,1,m,20,33,3,1
kd001,16,ObjAbs,cup,right,1,1,0,0,0,m,20,33,3,1
